,-2,-1.96,-1.92,-1.88,-1.84,-1.8,-1.76,-1.72,-1.68,-1.64,-1.6,-1.56,-1.52,-1.48,-1.44,-1.4,-1.36,-1.32,-1.28,-1.24,-1.2,-1.16,-1.12,-1.08,-1.04,-1,-0.96,-0.92,-0.88,-0.84,-0.8,-0.76,-0.72,-0.68,-0.64,-0.6,-0.56,-0.52,-0.48,-0.44,-0.4,-0.36,-0.32,-0.28,-0.24,-0.2,-0.16,-0.12,-0.08,-0.04,0,0.04,0.08,0.12,0.16,0.2,0.24,0.28,0.32,0.36,0.4,0.44,0.48,0.52,0.56,0.6,0.64,0.68,0.72,0.76,0.8,0.84,0.88,0.92,0.96,1,1.04,1.08,1.12,1.16,1.2,1.24,1.28,1.32,1.36,1.4,1.44,1.48,1.52,1.56,1.6,1.64,1.68,1.72,1.76,1.8,1.84,1.88,1.92,1.96,2
-2,44.1905,42.1514,40.2021,38.3396,36.561,34.8636,33.2444,31.7008,30.23,28.8295,27.4967,26.2292,25.0244,23.8801,22.7939,21.7635,20.7869,19.8619,18.9864,18.1584,17.3761,16.6374,15.9407,15.2841,14.666,14.0847,13.5387,13.0264,12.5465,12.0975,11.6782,11.2872,10.9234,10.5856,10.2727,9.9838,9.71786,9.47403,9.25146,9.04938,8.86709,8.70395,8.55937,8.43283,8.32387,8.23209,8.15714,8.09876,8.05673,8.0309,8.02117,8.02751,8.04996,8.0886,8.14359,8.21515,8.30355,8.40912,8.53227,8.67347,8.83322,9.01212,9.21081,9.42999,9.67044,9.93299,10.2185,10.528,10.8624,11.2228,11.6104,12.0264,12.472,12.9485,13.4574,14,14.5779,15.1926,15.8458,16.5392,17.2744,18.0534,18.878,19.7501,20.6718,21.645,22.6719,23.7547,24.8957,26.097,27.3612,28.6906,30.0877,31.5551,33.0954,34.7111,36.4052,38.1804,40.0395,41.9854,44.0212
-1.96,43.365,41.3435,39.4115,37.5661,35.8042,34.1231,32.52,30.9921,29.5368,28.1513,26.8333,25.5802,24.3896,23.259,22.1863,21.1691,20.2053,19.2928,18.4295,17.6134,16.8425,16.1151,15.4292,14.7832,14.1753,13.604,13.0676,12.5646,12.0936,11.6533,11.2422,10.8592,10.503,10.1726,9.86673,9.5845,9.32493,9.08714,8.87028,8.6736,8.49638,8.33799,8.19783,8.07539,7.97021,7.88188,7.81007,7.7545,7.71496,7.69129,7.6834,7.69125,7.71489,7.75441,7.80995,7.88173,7.97002,8.07518,8.19758,8.33771,8.49607,8.67325,8.86991,9.08673,9.32449,9.58403,9.86623,10.172,10.5025,10.8586,11.2416,11.6526,12.0929,12.5639,13.0668,13.6032,14.1745,14.7824,15.4284,16.1142,16.8416,17.6124,18.4285,19.2918,20.2043,21.168,22.1852,23.2579,24.3884,25.579,26.8321,28.1501,29.5354,30.9908,32.5186,34.1217,35.8028,37.5646,39.41,41.3419,43.3634
-1.92,43.0025,40.9866,39.06,37.2198,35.4631,33.7869,32.1886,30.6653,29.2144,27.8333,26.5194,25.2702,24.0834,22.9565,21.8872,20.8734,19.9128,19.0033,18.1428,17.3294,16.561,15.836,15.1523,14.5083,13.9023,13.3327,12.7978,12.2962,11.8265,11.3872,10.9771,10.5948,10.2392,9.9092,9.60363,9.32151,9.06189,8.82388,8.60666,8.40944,8.23153,8.07228,7.93111,7.8075,7.70098,7.61115,7.53768,7.48029,7.43877,7.41296,7.40277,7.40816,7.42918,7.46591,7.5185,7.58718,7.67221,7.77394,7.89276,8.02913,8.18359,8.3567,8.54912,8.76156,8.99477,9.24959,9.52692,9.8277,10.1529,10.5037,10.8812,11.2865,11.721,12.186,12.6827,13.2128,13.7777,14.3789,15.018,15.6969,16.4172,17.1807,17.9894,18.845,19.7498,20.7056,21.7146,22.7791,23.9012,25.0832,26.3276,27.6367,29.013,30.4591,31.9776,33.5712,35.2425,36.9945,38.8299,40.7517,42.7628
-1.88,43.0759,41.0542,39.1218,37.2758,35.5133,33.8313,32.2271,30.6979,29.2412,27.8542,26.5344,25.2794,24.0867,22.9539,21.8787,20.859,19.8924,18.977,18.1105,17.2912,16.5169,15.7858,15.0962,14.4463,13.8343,13.2586,12.7178,12.2102,11.7344,11.2891,10.873,10.4847,10.123,9.78693,9.47529,9.18709,8.92139,8.67729,8.45396,8.25064,8.06662,7.90125,7.75394,7.62419,7.51152,7.41554,7.33591,7.27235,7.22464,7.19264,7.17626,7.17545,7.19026,7.22077,7.26713,7.32957,7.40836,7.50384,7.6164,7.74651,7.89468,8.06152,8.24764,8.45378,8.68068,8.92919,9.20019,9.49464,9.81355,10.158,10.5291,10.9281,11.3562,11.8147,12.3051,12.8288,13.3872,13.982,14.6148,15.2872,16.0011,16.7582,17.5604,18.4096,19.3078,20.2572,21.2598,22.3177,23.4333,24.6088,25.8467,27.1493,28.5191,29.9586,31.4706,33.0576,34.7224,36.4677,38.2966,40.2117,42.2163
-1.84,43.5144,41.4774,39.5299,37.6688,35.8913,34.1945,32.5756,31.0318,29.5606,28.1593,26.8253,25.5561,24.3494,23.2028,22.1139,21.0805,20.1004,19.1716,18.2919,17.4594,16.6721,15.9281,15.2257,14.563,13.9385,13.3504,12.7972,12.2775,11.7896,11.3324,10.9044,10.5043,10.1311,9.78353,9.46053,9.1611,8.88428,8.62918,8.39497,8.18088,7.98622,7.81032,7.65262,7.51258,7.38974,7.28372,7.19416,7.12079,7.0634,7.02184,6.996,6.98587,6.99147,7.01289,7.05029,7.10387,7.17393,7.2608,7.36487,7.4866,7.62653,7.78523,7.96334,8.16158,8.38072,8.62157,8.88503,9.17207,9.48368,9.82094,10.185,10.577,10.9983,11.4502,11.934,12.4512,13.0033,13.5919,14.2185,14.885,15.593,16.3443,17.1409,17.9846,18.8775,19.8216,20.819,21.8719,22.9826,24.1534,25.3865,26.6846,28.0499,29.4852,30.9929,32.5759,34.2367,35.9783,37.8034,39.715,41.716
-1.8,44.2108,42.1518,40.1825,38.2999,36.5011,34.7831,33.1433,31.5789,30.0871,28.6655,27.3114,26.0224,24.796,23.6299,22.5218,21.4693,20.4704,19.523,18.6249,17.7741,16.9688,16.2071,15.4871,14.8071,14.1654,13.5604,12.9904,12.4541,11.95,11.4766,11.0327,10.617,10.2283,9.8654,9.52733,9.21303,8.92156,8.65202,8.40357,8.17546,7.96698,7.77748,7.60637,7.45314,7.31733,7.19853,7.09641,7.01069,6.94116,6.88765,6.85009,6.82844,6.82273,6.83305,6.85955,6.90246,6.96204,7.03864,7.13266,7.24455,7.37483,7.5241,7.693,7.88223,8.09255,8.32481,8.5799,8.85875,9.16239,9.4919,9.8484,10.2331,10.6473,11.0922,11.5693,12.08,12.6258,13.2083,13.8291,14.4899,15.1924,15.9385,16.73,17.5689,18.4571,19.3968,20.39,21.439,22.5459,23.713,24.9428,26.2377,27.6001,29.0326,30.5379,32.1185,33.7772,35.5168,37.3402,39.2503,41.2501
-1.76,45.0323,42.9482,40.9541,39.0468,37.2236,35.4816,33.8179,32.2299,30.7148,29.27,27.8931,26.5815,25.3328,24.1446,23.0146,21.9406,20.9203,19.9518,19.0328,18.1615,17.3359,16.554,15.8142,15.1146,14.4536,13.8295,13.2407,12.6858,12.1634,11.6719,11.2102,10.7769,10.3708,9.99089,9.636,9.30513,8.99734,8.71173,8.44747,8.20379,7.97999,7.77543,7.58951,7.42172,7.2716,7.13874,7.02281,6.92353,6.84069,6.77413,6.72377,6.68956,6.67155,6.66982,6.68452,6.71588,6.76417,6.82972,6.91294,7.01429,7.13428,7.27351,7.43262,7.61231,7.81335,8.03657,8.28287,8.55319,8.84855,9.17002,9.51874,9.89591,10.3028,10.7407,11.211,11.7152,12.2547,12.8312,13.4462,14.1015,14.7987,15.5398,16.3266,17.1609,18.0449,18.9806,19.97,21.0154,22.1191,23.2832,24.5103,25.8026,27.1628,28.5933,30.0968,31.6759,33.3334,35.072,36.8947,38.8043,40.8038
-1.72,45.8341,43.7256,41.7072,39.7761,37.9292,36.1637,34.4768,32.8658,31.328,29.8608,28.4616,27.128,25.8575,24.6478,23.4965,22.4015,21.3605,20.3714,19.4321,18.5407,17.6953,16.8938,16.1347,15.416,14.7361,14.0934,13.4863,12.9132,12.3729,11.8638,11.3846,10.9342,10.5112,10.1146,9.74327,9.39621,9.07246,8.77114,8.49141,8.23251,7.99372,7.77441,7.57399,7.39194,7.2278,7.08117,6.9517,6.83913,6.74324,6.66388,6.60094,6.55441,6.52432,6.51074,6.51385,6.53385,6.57102,6.6257,6.69829,6.78925,6.89909,7.02841,7.17785,7.34812,7.53998,7.75426,7.99186,8.25373,8.54087,8.85437,9.19537,9.56505,9.96468,10.3956,10.8591,11.3568,11.8901,12.4605,13.0697,13.7194,14.4114,15.1474,15.9293,16.7591,17.6387,18.5703,19.5559,20.5977,21.6979,22.8589,24.0831,25.3728,26.7305,28.1589,29.6604,31.2379,32.8939,34.6313,36.453,38.3619,40.3609
-1.68,46.474,44.3456,42.3074,40.3567,38.4904,36.7056,34.9997,33.3698,31.8133,30.3276,28.9101,27.5584,26.2699,25.0424,23.8736,22.7611,21.7029,20.6967,19.7406,18.8325,17.9706,17.1528,16.3775,15.6429,14.9472,14.2889,13.6664,13.0781,12.5227,11.9987,11.5049,11.04,10.6027,10.1919,9.80665,9.44582,9.10849,8.79375,8.5008,8.22885,7.97721,7.74522,7.5323,7.33794,7.16166,7.00307,6.86184,6.73768,6.63039,6.5398,6.46582,6.40843,6.36766,6.34359,6.33639,6.34626,6.37348,6.41839,6.48139,6.56294,6.66357,6.78385,6.92443,7.08602,7.26939,7.47536,7.70483,7.95875,8.23813,8.54405,8.87764,9.24011,9.6327,10.0568,10.5136,11.0048,11.5317,12.096,12.6993,13.3433,14.0296,14.7602,15.5369,16.3617,17.2365,18.1634,19.1445,20.182,21.2781,22.4352,23.6556,24.9417,26.296,27.7212,29.2197,30.7943,32.4476,34.1826,36.002,37.9087,39.9058
-1.64,46.827,44.6863,42.6361,40.6733,38.795,36.9984,35.2807,33.6391,32.071,30.5737,29.1447,27.7815,26.4818,25.243,24.063,22.9394,21.8701,20.853,19.886,18.9672,18.0945,17.2661,16.4803,15.7351,15.0291,14.3604,13.7277,13.1293,12.5637,12.0298,11.526,11.0512,10.6041,10.1837,9.78878,9.4184,9.07159,8.74747,8.4452,8.16401,7.90321,7.66214,7.44022,7.23693,7.0518,6.88445,6.73452,6.60175,6.48592,6.38687,6.30451,6.23882,6.18982,6.1576,6.14232,6.1442,6.16351,6.20058,6.25582,6.32969,6.42271,6.53547,6.6686,6.82282,6.99889,7.19765,7.41998,7.66684,7.93923,8.23825,8.56501,8.92073,9.30665,9.72411,10.1745,10.6592,11.1798,11.7378,12.3349,12.9727,13.653,14.3776,15.1485,15.9674,16.8364,17.7576,18.7332,19.7652,20.8559,22.0076,23.2227,24.5036,25.8529,27.273,28.7665,30.3362,31.9848,33.715,35.5297,37.4319,39.4245
-1.6,46.7977,44.6552,42.603,40.6382,38.7578,36.9591,35.2392,33.5953,32.0249,30.5252,29.0938,27.7281,26.4258,25.1844,24.0017,22.8754,21.8033,20.7833,19.8134,18.8916,18.0159,17.1844,16.3953,15.647,14.9376,14.2657,13.6295,13.0276,12.4586,11.921,11.4136,10.9351,10.4842,10.06,9.66116,9.28683,8.93601,8.60781,8.30141,8.01603,7.75098,7.50559,7.2793,7.07157,6.88195,6.71004,6.5555,6.41805,6.29748,6.19363,6.10642,6.0358,5.98182,5.94457,5.92419,5.92091,5.93499,5.96678,6.01668,6.08515,6.17271,6.27994,6.40749,6.55607,6.72644,6.91943,7.13593,7.3769,7.64335,7.93636,8.25706,8.60664,8.98638,9.39759,9.84164,10.32,10.8342,11.3857,11.9762,12.6074,13.2811,13.999,14.763,15.575,16.4372,17.3514,18.3199,19.3448,20.4284,21.5729,22.7807,24.0543,25.3961,26.8088,28.2948,29.8569,31.4978,33.2203,35.0273,36.9217,38.9064
-1.56,46.3304,44.1978,42.1552,40.1999,38.3287,36.539,34.8278,33.1925,31.6304,30.1389,28.7154,27.3574,26.0626,24.8284,23.6528,22.5333,21.4678,20.4542,19.4905,18.5746,17.7046,16.8786,16.0949,15.3516,14.6471,13.9797,13.348,12.7503,12.1852,11.6514,11.1476,10.6724,10.2246,9.80324,9.40711,9.03523,8.68664,8.36046,8.05585,7.77205,7.50835,7.2641,7.03873,6.8317,6.64256,6.47092,6.31642,6.1788,6.05784,5.95338,5.86534,5.79368,5.73843,5.69969,5.67761,5.67241,5.68435,5.71379,5.76111,5.82678,5.91133,6.01533,6.13943,6.28433,6.45082,6.6397,6.85188,7.08831,7.35,7.63803,7.95353,8.2977,8.6718,9.07715,9.51514,9.9872,10.4948,11.0396,11.6232,12.2473,12.9135,13.6238,14.38,15.1841,16.0379,16.9437,17.9035,18.9195,19.9939,21.1291,22.3273,23.5911,24.923,26.3254,27.801,29.3524,30.9824,32.6939,34.4895,36.3724,38.3453
-1.52,45.4143,43.3036,41.2826,39.3484,37.4981,35.7288,34.0376,32.422,30.8792,29.4065,28.0015,26.6617,25.3846,24.1678,23.0091,21.9063,20.857,19.8593,18.911,18.0102,17.1549,16.3433,15.5735,14.8438,14.1525,13.4979,12.8786,12.2929,11.7396,11.217,10.7241,10.2594,9.82181,9.41018,9.02344,8.66056,8.32059,8.00265,7.70591,7.42959,7.17299,6.93547,6.71643,6.51537,6.33181,6.16536,6.01569,5.88251,5.7656,5.66482,5.58008,5.51134,5.45863,5.42205,5.40175,5.39794,5.4109,5.44097,5.48855,5.5541,5.63814,5.74126,5.86409,6.00735,6.17181,6.35828,6.56768,6.80094,7.05908,7.34318,7.65437,7.99385,8.36289,8.76279,9.19495,9.6608,10.1619,10.6997,11.2759,11.8922,12.5504,13.2522,13.9995,14.7943,15.6385,16.5343,17.4837,18.4889,19.5522,20.6758,21.8621,23.1137,24.4328,25.8222,27.2843,28.8219,30.4378,32.1346,33.9153,35.7828,37.7401
-1.48,44.085,42.0073,40.0188,38.1166,36.2977,34.5594,32.8986,31.3129,29.7994,28.3556,26.9789,25.6668,24.4169,23.2268,22.0943,21.0171,19.9929,19.0198,18.0956,17.2183,16.386,15.5968,14.8489,14.1406,13.4702,12.836,12.2365,11.6701,11.1355,10.6312,10.1559,9.70838,9.28744,8.89192,8.52075,8.17291,7.84747,7.54352,7.26023,6.99684,6.75264,6.52698,6.31929,6.12904,5.95576,5.79906,5.65861,5.53412,5.42538,5.33224,5.25459,5.19243,5.14576,5.1147,5.09938,5.10003,5.11692,5.15039,5.20083,5.26872,5.35457,5.45896,5.58254,5.72602,5.89017,6.07581,6.28383,6.51519,6.77091,7.05205,7.35975,7.69522,8.0597,8.45453,8.88108,9.3408,9.83519,10.3658,10.9343,11.5424,12.1918,12.8842,13.6217,14.4061,15.2395,16.1238,17.0612,18.054,19.1042,20.2143,21.3866,22.6235,23.9275,25.3012,26.7471,28.268,29.8666,31.5457,33.3081,35.1567,37.0946
-1.44,42.4204,40.3848,38.4378,36.5764,34.7977,33.0988,31.4769,29.9294,28.4534,27.0465,25.706,24.4295,23.2146,22.0588,20.9599,19.9157,18.9239,17.9824,17.0892,16.2423,15.4397,14.6796,13.9602,13.2797,12.6364,12.0286,11.4549,10.9137,10.4036,9.92321,9.47116,9.04622,8.64719,8.27294,7.92238,7.59452,7.28838,7.0031,6.73782,6.49179,6.2643,6.05471,5.86242,5.68693,5.52776,5.38452,5.25687,5.14453,5.04729,4.965,4.89756,4.84494,4.80718,4.78436,4.77664,4.78423,4.80741,4.84652,4.90196,4.97419,5.06373,5.17116,5.29713,5.44235,5.60758,5.79366,6.00147,6.23196,6.48616,6.76513,7.07001,7.40201,7.76237,8.15243,8.57356,9.0272,9.51487,10.0381,10.5986,11.198,11.838,12.5205,13.2474,14.0205,14.8419,15.7137,16.6379,17.6167,18.6524,19.7473,20.9037,22.1241,23.411,24.7669,26.1944,27.6962,29.2751,30.9337,32.6751,34.502,36.4176
-1.4,40.5335,38.5461,36.6465,34.8318,33.099,31.4454,29.868,28.3642,26.9313,25.5667,24.2678,23.0321,21.8572,20.7409,19.6806,18.6743,17.7196,16.8146,15.9571,15.1452,14.3769,13.6503,12.9636,12.3151,11.7032,11.126,10.5822,10.0701,9.58837,9.1356,8.71047,8.31172,7.93814,7.58861,7.26205,6.95745,6.67384,6.41035,6.16614,5.94044,5.73254,5.54182,5.36766,5.20957,5.06707,4.93976,4.82732,4.72945,4.64595,4.57667,4.5215,4.48043,4.45347,4.44073,4.44236,4.45856,4.48963,4.53589,4.59774,4.67565,4.77014,4.88179,5.01125,5.15922,5.32648,5.51384,5.72221,5.95253,6.20582,6.48315,6.78566,7.11455,7.47108,7.85656,8.27239,8.72,9.2009,9.71666,10.2689,10.8593,11.4897,12.1617,12.8774,13.6387,14.4475,15.3058,16.2159,17.18,18.2001,19.2787,20.4181,21.6208,22.8892,24.2259,25.6334,27.1146,28.672,30.3085,32.027,33.8303,35.7215
-1.36,38.5603,36.6235,34.7737,33.0081,31.3237,29.7176,28.187,26.7292,25.3415,24.0214,22.7662,21.5735,20.4409,19.3659,18.3463,17.3799,16.4644,15.5977,14.7779,14.0028,13.2705,12.5793,11.9271,11.3124,10.7335,10.1886,9.6762,9.19485,8.74307,8.31949,7.92279,7.55169,7.20501,6.88161,6.58041,6.30039,6.04062,5.80019,5.57828,5.37411,5.18699,5.01626,4.86135,4.72173,4.59693,4.48657,4.3903,4.30785,4.239,4.18359,4.14154,4.11282,4.09745,4.09552,4.1072,4.1327,4.17229,4.2263,4.29515,4.37929,4.47924,4.59559,4.72898,4.88012,5.04977,5.23877,5.44801,5.67844,5.93107,6.20697,6.50729,6.83323,7.18603,7.56703,7.97761,8.4192,8.89332,9.40153,9.94546,10.5268,11.1473,11.8088,12.5131,13.2622,14.0581,14.9028,15.7984,16.7473,17.7514,18.8133,19.9352,21.1196,22.369,23.6859,25.0729,26.5327,28.068,29.6817,31.3766,33.1555,35.0215
-1.32,36.6461,34.7585,32.9573,31.2394,29.6019,28.042,26.5569,25.1439,23.8002,22.5233,21.3107,20.1597,19.0681,18.0334,17.0533,16.1256,15.2482,14.4188,13.6354,12.8961,12.1989,11.5419,10.9234,10.3415,9.79453,9.28094,8.79913,8.34759,7.92487,7.52961,7.16047,6.8162,6.49559,6.19752,5.9209,5.66473,5.42804,5.20996,5.00964,4.82633,4.65931,4.50794,4.37164,4.24988,4.1422,4.04821,3.96756,3.89999,3.84527,3.80325,3.77383,3.757,3.75278,3.76125,3.78258,3.81698,3.86473,3.92616,4.00167,4.09173,4.19685,4.31763,4.4547,4.60877,4.78061,4.97105,5.18098,5.41135,5.66317,5.93753,6.23556,6.55845,6.90747,7.28394,7.68923,8.1248,8.59215,9.09283,9.6285,10.2008,10.8116,11.4625,12.1556,12.8927,13.6758,14.507,15.3885,16.3223,17.3108,18.3562,19.4609,20.6273,21.8579,23.1553,24.5221,25.961,27.4746,29.0658,30.7375,32.4925,34.3338
-1.28,34.9311,33.0876,31.3298,29.6547,28.0593,26.5408,25.0965,23.7235,22.4192,21.181,20.0063,18.8927,17.8377,16.839,15.8942,15.0012,14.1576,13.3615,12.6108,11.9034,11.2374,10.611,10.0223,9.46955,8.95114,8.46539,8.01074,7.58568,7.18878,6.81864,6.47395,6.15346,5.85595,5.58029,5.32541,5.0903,4.87399,4.67561,4.49432,4.32936,4.18001,4.04563,3.92564,3.81952,3.7268,3.64709,3.58005,3.5254,3.48292,3.45247,3.43395,3.42732,3.43263,3.44997,3.47947,3.52137,3.57594,3.64352,3.72449,3.81934,3.92857,4.05278,4.1926,4.34875,4.52198,4.71314,4.92311,5.15285,5.40336,5.67573,5.97109,6.29063,6.63562,7.00738,7.40729,7.8368,8.29741,8.79068,9.31825,9.8818,10.4831,11.1239,11.8062,12.5318,13.3028,14.1211,14.9891,15.9087,16.8823,17.9121,19.0006,20.1501,21.3632,22.6423,23.9901,25.4094,26.9027,28.4729,30.1229,31.8556,33.6739
-1.24,33.5358,31.7282,30.0056,28.3651,26.8039,25.3189,23.9076,22.567,21.2945,20.0876,18.9437,17.8602,16.8348,15.8651,14.9488,14.0836,13.2674,12.498,11.7734,11.0917,10.4507,9.84878,9.284,8.75464,8.25901,7.79547,7.36247,6.9585,6.58211,6.23193,5.90662,5.60494,5.32568,5.0677,4.82994,4.61138,4.41106,4.22809,4.06165,3.91097,3.77533,3.65411,3.5467,3.45259,3.37133,3.3025,3.24577,3.20087,3.16758,3.14574,3.13527,3.13613,3.14835,3.17204,3.20733,3.25444,3.31366,3.38532,3.46981,3.56761,3.67922,3.80525,3.94632,4.10315,4.2765,4.46721,4.67617,4.90432,5.15268,5.42233,5.7144,6.0301,6.37067,6.73745,7.13181,7.5552,8.00912,8.49515,9.0149,9.57007,10.1624,10.7937,11.4659,12.1809,12.9406,13.7472,14.6028,15.5095,16.4696,17.4854,18.5592,19.6936,20.8909,22.1537,23.4847,24.8864,26.3618,27.9134,29.5443,31.2572,33.0553
-1.2,32.5489,30.7664,29.0686,27.4524,25.9151,24.4536,23.0653,21.7473,20.4971,19.3119,18.1894,17.1268,16.1219,15.1723,14.2756,13.4297,12.6323,11.8813,11.1747,10.5105,9.88666,9.3014,8.75289,8.23937,7.75916,7.31062,6.8922,6.50238,6.13971,5.80283,5.49041,5.20118,4.93395,4.68758,4.461,4.2532,4.06322,3.89016,3.73321,3.5916,3.46461,3.3516,3.25199,3.16525,3.09093,3.02862,2.978,2.93877,2.91073,2.89372,2.88766,2.8925,2.90828,2.9351,2.9731,3.0225,3.08358,3.15668,3.24219,3.34057,3.45236,3.57812,3.71851,3.87424,4.04607,4.23482,4.4414,4.66676,4.9119,5.1779,5.46591,5.77711,6.11277,6.4742,6.8628,7.28,7.72731,8.2063,8.71859,9.26588,9.84991,10.4725,11.1355,11.8409,12.5907,13.3868,14.2315,15.127,16.0754,17.079,18.1404,19.2617,20.4456,21.6947,23.0114,24.3985,25.8587,27.3949,29.0098,30.7064,32.4877
-1.16,32.0183,30.249,28.5642,26.9608,25.4359,23.9866,22.6102,21.3039,20.0651,18.8911,17.7794,16.7274,15.7329,14.7934,13.9065,13.0701,12.282,11.5401,10.8422,10.1865,9.57092,8.99364,8.45284,7.94677,7.47374,7.03212,6.62035,6.23692,5.88039,5.54937,5.24255,4.95866,4.6965,4.45495,4.23291,4.02939,3.84343,3.67413,3.52067,3.38228,3.25825,3.14794,3.05077,2.96621,2.89379,2.83313,2.78389,2.74578,2.71859,2.70217,2.69643,2.70134,2.71692,2.74327,2.78054,2.82895,2.88877,2.96035,3.04407,3.14041,3.24988,3.37307,3.51063,3.66325,3.83171,4.01684,4.21952,4.44072,4.68144,4.94276,5.22581,5.5318,5.86198,6.21767,6.60027,7.0112,7.45198,7.92417,8.4294,8.96937,9.54581,10.1605,10.8155,11.5125,12.2536,13.0408,13.8764,14.7624,15.7011,16.6948,17.7459,18.8568,20.0299,21.2679,22.5734,23.9489,25.3974,26.9214,28.524,30.208,31.9764
-1.12,31.9462,30.1782,28.4945,26.8922,25.3682,23.9198,22.5442,21.2386,20.0003,18.8267,17.7153,16.6637,15.6693,14.7298,13.8429,13.0063,12.2179,11.4756,10.7773,10.121,9.50471,8.92664,8.38496,7.87789,7.40377,6.96096,6.54789,6.16305,5.80501,5.47239,5.16385,4.87814,4.61407,4.37049,4.14633,3.94058,3.75229,3.58055,3.42456,3.28353,3.15676,3.0436,2.94348,2.85586,2.7803,2.71638,2.66377,2.6222,2.59144,2.57135,2.56184,2.56287,2.57447,2.59674,2.62982,2.67395,2.72938,2.79646,2.87559,2.96723,3.07189,3.19018,3.32272,3.47023,3.63348,3.81329,4.01055,4.22622,4.46131,4.7169,4.99412,5.29417,5.61832,5.96787,6.34422,6.7488,7.18313,7.64876,8.14734,8.68054,9.25012,9.85789,10.5057,11.1956,11.9294,12.7093,13.5373,14.4158,15.3468,16.3327,17.3759,18.4788,19.6438,20.8736,22.1708,23.5379,24.9779,26.4933,28.0872,29.7624,31.5218
-1.08,32.2888,30.5113,28.8182,27.2064,25.673,24.2152,22.8302,21.5153,20.2678,19.085,17.9645,16.9037,15.9002,14.9517,14.0558,13.2103,12.413,11.6618,10.9546,10.2895,9.66454,9.07777,8.52743,8.01175,7.52905,7.07771,6.65615,6.26287,5.89643,5.55543,5.23858,4.94459,4.67228,4.42051,4.1882,3.97434,3.77798,3.59822,3.43424,3.28527,3.15061,3.02959,2.92166,2.82627,2.74297,2.67137,2.61111,2.56194,2.52362,2.49602,2.47903,2.47262,2.47683,2.49175,2.51753,2.55439,2.60259,2.66249,2.73449,2.81903,2.91664,3.02791,3.15349,3.29407,3.45043,3.6234,3.81386,4.02277,4.25115,4.50006,4.77065,5.06411,5.38171,5.72475,6.09464,6.4928,6.92075,7.38005,7.87233,8.39928,8.96265,9.56425,10.206,10.8897,11.6175,12.3914,13.2135,14.086,15.0112,15.9912,17.0286,18.1258,19.2851,20.5093,21.8008,23.1624,24.5968,26.1067,27.6951,29.3649,31.119
-1.04,32.9612,31.1656,29.4545,27.8249,26.2739,24.7986,23.3963,22.0642,20.7997,19.6001,18.4629,17.3855,16.3657,15.4009,14.4889,13.6275,12.8145,12.0477,11.3251,10.6447,10.0046,9.40288,8.83773,8.3074,7.81021,7.34453,6.9088,6.50149,6.12119,5.76649,5.43608,5.1287,4.84316,4.57831,4.33308,4.10645,3.89748,3.70528,3.52901,3.3679,3.22125,3.08842,2.96882,2.86193,2.76728,2.68448,2.61319,2.55314,2.5041,2.46593,2.43853,2.42188,2.416,2.42098,2.43698,2.46421,2.50296,2.55355,2.61639,2.69194,2.78072,2.88331,3.00037,3.13259,3.28074,3.44565,3.62822,3.8294,4.0502,4.29169,4.55501,4.84137,5.15201,5.48827,5.85152,6.2432,6.66483,7.11796,7.60424,8.12534,8.68301,9.27908,9.91541,10.5939,11.3167,12.0857,12.903,13.7709,14.6916,15.6674,16.7007,17.7939,18.9494,20.1699,21.458,22.8162,24.2474,25.7544,27.3399,29.007,30.7585
-1,33.8452,32.0261,30.2916,28.639,27.0651,25.5672,24.1425,22.7883,21.5018,20.2805,19.1218,18.0232,16.9824,15.9968,15.0643,14.1826,13.3494,12.5628,11.8206,11.1208,10.4615,9.84082,9.25695,8.70814,8.1927,7.709,7.25547,6.83061,6.43297,6.06117,5.71389,5.38987,5.08791,4.80688,4.5457,4.30336,4.0789,3.87143,3.68013,3.50423,3.34301,3.19584,3.06213,2.94135,2.83306,2.73684,2.65236,2.57935,2.51759,2.46692,2.42725,2.39856,2.38087,2.37427,2.37892,2.39504,2.4229,2.46283,2.51525,2.5806,2.65941,2.75227,2.85981,2.98275,3.12186,3.27796,3.45194,3.64476,3.85743,4.09103,4.34669,4.62561,4.92905,5.25833,5.61483,6,6.41534,6.86242,7.34287,7.85838,8.41069,9.00162,9.63305,10.3069,11.0252,11.79,12.6033,13.4675,14.3847,15.3572,16.3874,17.4777,18.6307,19.8488,21.1347,22.491,23.9206,25.426,27.0104,28.6764,30.4272
-0.96,34.8022,32.9577,31.1982,29.5207,27.9223,26.4002,24.9514,23.5734,22.2634,21.0188,19.8371,18.7158,17.6524,16.6446,15.69,14.7865,13.9319,13.124,12.3608,11.6403,10.9605,10.3196,9.71577,9.14724,8.61233,8.10941,7.63692,7.19335,6.77725,6.38726,6.02203,5.68032,5.36092,5.06271,4.7846,4.52557,4.28469,4.06106,3.85384,3.66227,3.48564,3.32332,3.1747,3.03928,2.91659,2.80624,2.70787,2.62123,2.54608,2.48229,2.42975,2.38844,2.35839,2.33968,2.33248,2.33699,2.3535,2.38234,2.42392,2.47868,2.54716,2.62994,2.72766,2.84103,2.97081,3.11785,3.28302,3.46728,3.67165,3.8972,4.14506,4.41644,4.71259,5.03483,5.38456,5.7632,6.17227,6.61333,7.08801,7.59801,8.14506,8.73099,9.35767,10.027,10.7411,11.5018,12.3115,13.1722,14.0861,15.0557,16.0832,17.171,18.3218,19.5379,20.8221,22.177,23.6053,25.1099,26.6935,28.3591,30.1098
-0.92,35.6864,33.8187,32.0363,30.336,28.7151,27.1706,25.6998,24.2999,22.9683,21.7023,20.4994,19.3571,18.273,17.2446,16.2698,15.3463,14.4719,13.6444,12.8618,12.1221,11.4234,10.7638,10.1415,9.55471,9.00178,8.48107,7.99101,7.5301,7.09688,6.68999,6.3081,5.94995,5.61434,5.30013,5.00625,4.73169,4.4755,4.23677,4.01469,3.80849,3.61745,3.44094,3.27837,3.12921,2.99302,2.86938,2.75796,2.65848,2.57073,2.49456,2.42987,2.37663,2.33487,2.30469,2.28623,2.27972,2.28543,2.3037,2.33492,2.37956,2.43814,2.51125,2.59952,2.70367,2.82447,2.96273,3.11936,3.29531,3.49158,3.70926,3.94948,4.21344,4.50241,4.81769,5.16067,5.5328,5.93558,6.37058,6.83943,7.34381,7.88548,8.46625,9.088,9.75265,10.4622,11.2187,12.0243,12.8812,13.7916,14.7578,15.7821,16.8671,18.0152,19.2289,20.5108,21.8637,23.2903,24.7933,26.3756,28.0401,29.7899
-0.88,36.3604,34.4753,32.6755,30.9581,29.3201,27.7587,26.2712,24.8547,23.5067,22.2244,21.0054,19.8471,18.7471,17.7031,16.7128,15.7738,14.8841,14.0416,13.244,12.4896,11.7762,11.1021,10.4654,9.86446,9.29747,8.76285,8.25904,7.78451,7.33784,6.91764,6.52258,6.15142,5.80294,5.47602,5.16957,4.88259,4.61413,4.36328,4.12923,3.9112,3.70849,3.52045,3.3465,3.18611,3.03883,2.90426,2.78205,2.67194,2.57371,2.48719,2.41231,2.34903,2.29738,2.25746,2.22941,2.21345,2.20986,2.21898,2.2412,2.27699,2.32686,2.39141,2.47128,2.56717,2.67986,2.81016,2.95898,3.12726,3.31602,3.52634,3.75934,4.01623,4.29827,4.60678,4.94314,5.3088,5.70526,6.13408,6.5969,7.0954,7.63134,8.20653,8.82284,9.48221,10.1866,10.9382,11.7389,12.5911,13.4969,14.4587,15.4789,16.5597,17.7039,18.9138,20.1921,21.5414,22.9646,24.4644,26.0437,27.7053,29.4523
-0.84,36.7087,34.8148,33.0064,31.2804,29.6338,28.0639,26.5679,25.1429,23.7864,22.4957,21.2682,20.1016,18.9933,17.941,16.9424,15.9952,15.0973,14.2465,13.4408,12.6782,11.9568,11.2746,10.6299,10.0209,9.44597,8.90341,8.39168,7.90928,7.45475,7.02673,6.62389,6.24496,5.88876,5.55414,5.24003,4.94541,4.66934,4.41092,4.16932,3.94378,3.73358,3.53809,3.35672,3.18894,3.0343,2.89239,2.76289,2.64551,2.54003,2.44631,2.36425,2.29382,2.23506,2.18804,2.15294,2.12995,2.11937,2.12152,2.13681,2.16569,2.2087,2.26641,2.33946,2.42857,2.5345,2.65809,2.80022,2.96184,3.14397,3.34769,3.57412,3.82448,4.10001,4.40204,4.73196,5.0912,5.48127,5.90374,6.36024,6.85245,7.38212,7.95108,8.56119,9.21438,9.91266,10.6581,11.4528,12.2989,13.1987,14.1545,15.1687,16.2436,17.3819,18.5859,19.8584,21.202,22.6194,24.1134,25.687,27.3429,29.0843
-0.8,36.6493,34.7578,32.9515,31.2276,29.583,28.0149,26.5205,25.0972,23.7421,22.4528,21.2266,20.061,18.9537,17.9023,16.9045,15.958,15.0606,14.2103,13.4049,12.6425,11.9211,11.2389,10.594,9.98479,9.40944,8.86637,8.35402,7.87087,7.41549,6.98649,6.58256,6.20243,5.8449,5.50884,5.19317,4.89688,4.61901,4.35868,4.11506,3.88738,3.67492,3.47705,3.29319,3.1228,2.96544,2.82069,2.68823,2.56777,2.45911,2.36208,2.27659,2.20262,2.1402,2.08941,2.05041,2.02342,2.00871,2.00662,2.01755,2.04196,2.08037,2.13337,2.2016,2.28577,2.38665,2.50505,2.64189,2.7981,2.97471,3.17279,3.39346,3.63794,3.90749,4.20341,4.5271,4.88,5.26361,5.67951,6.12931,6.61471,7.13746,7.69938,8.30233,8.94825,9.63914,10.3771,11.1641,12.0025,12.8945,13.8423,14.8484,15.9151,17.045,18.2406,19.5045,20.8394,22.248,23.7332,25.2977,26.9445,28.6766
-0.76,36.1426,34.2654,32.4732,30.763,29.1318,27.577,26.0955,24.6848,23.3421,22.0649,20.8505,19.6965,18.6004,17.56,16.5729,15.6368,14.7495,13.909,13.1133,12.3602,11.6478,10.9744,10.338,9.73692,9.16949,8.63406,8.12907,7.653,7.20443,6.78196,6.38427,6.01011,5.65828,5.32763,5.0171,4.72567,4.45239,4.19636,3.95676,3.73282,3.52384,3.32916,3.14821,2.98046,2.82545,2.68279,2.55213,2.43319,2.32577,2.22971,2.14491,2.07136,2.00906,1.95813,1.91871,1.89102,1.87533,1.87198,1.88138,1.90398,1.9403,1.99093,2.05651,2.13775,2.23543,2.35035,2.48343,2.63561,2.8079,3.00138,3.21719,3.45652,3.72064,4.01086,4.32856,4.6752,5.05227,5.46135,5.90406,6.38209,6.89719,7.45117,8.04592,8.68335,9.36548,10.0944,10.8721,11.7009,12.583,13.5207,14.5163,15.5723,16.6912,17.8756,19.1279,20.451,21.8475,23.3203,24.8722,26.506,28.2249
-0.72,35.1948,33.3438,31.5773,29.8924,28.2861,26.7556,25.2982,23.911,22.5914,21.3368,20.1447,19.0125,17.9378,16.9183,15.9516,15.0355,14.1679,13.3466,12.5696,11.8348,11.1403,10.4842,9.86485,9.28034,8.72902,8.20926,7.71951,7.25825,6.82404,6.41549,6.0313,5.67019,5.33097,5.0125,4.71371,4.43358,4.17116,3.92556,3.69596,3.48157,3.28171,3.09571,2.923,2.76306,2.61542,2.47969,2.35552,2.24264,2.14084,2.04996,1.96992,1.90067,1.84225,1.79475,1.75833,1.73319,1.71963,1.71797,1.72861,1.75202,1.78872,1.83929,1.90437,1.98468,2.08098,2.1941,2.32493,2.47442,2.64359,2.83351,3.04532,3.28022,3.53947,3.82438,4.13634,4.4768,4.84726,5.24928,5.68449,6.15459,6.66132,7.20651,7.79201,8.41976,9.09178,9.8101,10.5769,11.3942,12.2644,13.1898,14.1727,15.2156,16.3209,17.4912,18.729,20.0372,21.4184,22.8753,24.411,26.0282,27.7299
-0.68,33.8577,32.0433,30.3129,28.6634,27.0921,25.5959,24.1722,22.8182,21.5313,20.3087,19.148,18.0467,17.0023,16.0125,15.0749,14.1875,13.3478,12.5539,11.8037,11.0951,10.4263,9.79537,9.20049,8.63991,8.11195,7.61498,7.14742,6.70779,6.29462,5.90655,5.54224,5.20045,4.87996,4.57965,4.29844,4.03531,3.78932,3.55957,3.34523,3.14554,2.95979,2.78733,2.62757,2.48001,2.34417,2.21966,2.10614,2.00333,1.91102,1.82906,1.75734,1.69585,1.64461,1.60371,1.57331,1.55363,1.54493,1.54756,1.56192,1.58846,1.62772,1.68026,1.74675,1.82788,1.92442,2.03721,2.16713,2.31513,2.48223,2.66951,2.8781,3.1092,3.36407,3.64403,3.95045,4.2848,4.64857,5.04332,5.47069,5.93237,6.4301,6.9657,7.54105,8.15807,8.81877,9.52521,10.2795,11.0838,11.9404,12.8516,13.8197,14.8472,15.9366,17.0903,18.3111,19.6016,20.9645,22.4027,23.9189,25.5161,27.1973
-0.64,32.2231,30.4534,28.7669,27.1608,25.6321,24.178,22.7955,21.4821,20.235,19.0517,17.9295,16.866,15.8588,14.9054,14.0037,13.1513,12.3461,11.5859,10.8687,10.1925,9.55533,8.95537,8.39078,7.85981,7.36077,6.89203,6.45203,6.03926,5.65228,5.28969,4.9502,4.63252,4.33547,4.05791,3.79876,3.55701,3.33171,3.12197,2.92695,2.74589,2.57809,2.42289,2.27972,2.14804,2.02741,1.91742,1.81773,1.72807,1.64822,1.57803,1.51741,1.46632,1.4248,1.39293,1.37088,1.35885,1.35713,1.36605,1.38601,1.41747,1.46096,1.51705,1.58639,1.6697,1.76773,1.88131,2.01135,2.15878,2.32463,2.50997,2.71593,2.94371,3.19458,3.46985,3.77091,4.0992,4.45622,4.84355,5.26281,5.71568,6.20393,6.72936,7.29385,7.89933,8.5478,9.24131,9.982,10.772,11.6137,12.5092,13.461,14.4714,15.5431,16.6784,17.8801,19.1509,20.4933,21.9103,23.4047,24.9794,26.6374
-0.6,30.4137,28.6935,27.0559,25.4977,24.0163,22.6086,21.2719,20.0035,18.8006,17.6608,16.5813,15.5598,14.5939,13.681,12.819,12.0056,11.2386,10.5159,9.83546,9.19525,8.59335,8.02788,7.49703,6.99905,6.53225,6.095,5.68573,5.30295,4.9452,4.61111,4.29935,4.00866,3.73785,3.48577,3.25136,3.0336,2.83153,2.64427,2.47099,2.31092,2.16335,2.02764,1.90319,1.78951,1.68611,1.5926,1.50864,1.43397,1.36835,1.31164,1.26375,1.22464,1.19435,1.17297,1.16065,1.1576,1.16411,1.18051,1.2072,1.24464,1.29335,1.35392,1.42699,1.51328,1.61353,1.7286,1.85936,2.00677,2.17185,2.35566,2.55935,2.78411,3.03121,3.30195,3.59774,3.92,4.27025,4.65005,5.06103,5.50488,5.98335,6.49825,7.05146,7.64492,8.28061,8.9606,9.68701,10.462,11.2879,12.1668,13.1013,14.0938,15.1467,16.2625,17.4439,18.6936,20.0143,21.4087,22.8799,24.4305,26.0637
-0.56,28.5708,26.9012,25.3133,23.8042,22.371,21.0108,19.7209,18.4984,17.3408,16.2453,15.2096,14.231,13.3071,12.4357,11.6143,10.8407,10.1128,9.42845,8.78556,8.18214,7.61627,7.08606,6.58971,6.12547,5.69164,5.28659,4.90877,4.55667,4.22883,3.92389,3.64051,3.37744,3.13348,2.9075,2.69841,2.50521,2.32694,2.16272,2.0117,1.87313,1.7463,1.63056,1.52533,1.43009,1.34437,1.26778,1.19998,1.14069,1.0897,1.04685,1.01205,0.985271,0.966545,0.955962,0.953676,0.959903,0.974918,0.99906,1.03273,1.07638,1.13055,1.1958,1.2728,1.36223,1.46488,1.58158,1.7132,1.86071,2.02512,2.2075,2.40899,2.6308,2.87417,3.14042,3.43095,3.7472,4.09067,4.46292,4.86559,5.30036,5.76899,6.27329,6.81513,7.39645,8.01925,8.68558,9.39756,10.1574,10.9673,11.8295,12.7465,13.7207,14.7546,15.8506,17.0115,18.2399,19.5385,20.9101,22.3576,23.884,25.492
-0.52,26.8395,25.2177,23.6768,22.214,20.8264,19.5111,18.2653,17.0862,15.9713,14.9178,13.9232,12.9851,12.1011,11.2686,10.4856,9.7496,9.05856,8.41032,7.80283,7.23409,6.70217,6.20519,5.74134,5.30887,4.90608,4.53136,4.18312,3.85988,3.56018,3.28265,3.02595,2.78884,2.57011,2.36862,2.18331,2.01316,1.85721,1.71457,1.58442,1.46599,1.35857,1.26152,1.17424,1.09623,1.02702,0.9662,0.913446,0.868477,0.831079,0.801097,0.778439,0.763074,0.755034,0.754411,0.761357,0.776089,0.798882,0.830075,0.870066,0.919317,0.97835,1.04775,1.12816,1.22028,1.3249,1.44282,1.57495,1.72224,1.88571,2.06641,2.26551,2.48418,2.72369,2.98537,3.27059,3.5808,3.9175,4.28227,4.67672,5.10255,5.56151,6.05541,6.58612,7.15559,7.7658,8.41882,9.11677,9.86182,10.6562,11.5023,12.4023,13.3589,14.3743,15.4513,16.5923,17.8001,19.0774,20.427,21.8517,23.3546,24.9384
-0.48,25.3544,23.7739,22.2738,20.8512,19.5031,18.2266,17.019,15.8775,14.7995,13.7823,12.8234,11.9203,11.0706,10.2718,9.52184,8.8183,8.15905,7.54196,6.96498,6.4261,5.9234,5.455,5.01909,4.61391,4.23778,3.88907,3.5662,3.26769,2.99208,2.73799,2.5041,2.28914,2.09193,1.91133,1.74625,1.59569,1.45869,1.33437,1.22189,1.12049,1.02945,0.948138,0.875966,0.812412,0.757015,0.709376,0.669156,0.636079,0.609931,0.590558,0.577866,0.571827,0.57247,0.579888,0.594233,0.615722,0.644631,0.681298,0.726121,0.779563,0.842144,0.914449,0.997123,1.09087,1.19647,1.31473,1.44656,1.59291,1.75478,1.93326,2.12948,2.34464,2.58001,2.83689,3.11667,3.4208,3.75078,4.10818,4.49463,4.91181,5.36148,5.84545,6.3656,6.92385,7.52221,8.16273,8.84754,9.57881,10.3588,11.1898,12.0741,13.0143,14.0128,15.0721,16.1948,17.3837,18.6415,19.9709,21.3748,22.8561,24.4179
-0.44,24.2256,22.6772,21.2088,19.8173,18.4997,17.2533,16.0753,14.9628,13.9133,12.9241,11.9927,11.1166,10.2933,9.52056,8.79598,8.11735,7.48248,6.88926,6.33563,5.81959,5.3392,4.8926,4.47797,4.09356,3.73767,3.40869,3.10504,2.82522,2.56779,2.33136,2.11461,1.91628,1.73518,1.57016,1.42016,1.28415,1.1612,1.05039,0.950917,0.861998,0.782931,0.71307,0.651831,0.598694,0.553195,0.514937,0.483581,0.458851,0.440532,0.42847,0.422573,0.42281,0.429213,0.441872,0.460942,0.486639,0.519237,0.559076,0.606554,0.662133,0.726334,0.799742,0.883001,0.976818,1.08196,1.19926,1.3296,1.47395,1.6333,1.80875,2.00141,2.2125,2.44328,2.69505,2.96921,3.2672,3.59052,3.94075,4.3195,4.72847,5.16941,5.64414,6.15452,6.70249,7.29005,7.91926,8.59223,9.31115,10.0783,10.8959,11.7663,12.6921,13.6756,14.7195,15.8262,16.9986,18.2394,19.5512,20.9371,22.3999,23.9426
-0.4,23.5277,22.0002,20.5523,19.181,17.8832,16.6563,15.4973,14.4036,13.3724,12.4012,11.4874,10.6285,9.82208,9.06582,8.35737,7.69451,7.07505,6.49687,5.95791,5.45617,4.98973,4.5567,4.15527,3.7837,3.44029,3.12341,2.8315,2.56306,2.31663,2.09084,1.88436,1.69594,1.52438,1.36854,1.22735,1.09978,0.9849,0.881806,0.789672,0.707729,0.635271,0.571653,0.516291,0.468663,0.428309,0.394828,0.367883,0.347197,0.332555,0.323805,0.320853,0.323668,0.332283,0.346788,0.367337,0.394146,0.42749,0.467709,0.5152,0.570425,0.633907,0.706228,0.788035,0.880033,0.98299,1.09774,1.22516,1.36622,1.52193,1.69335,1.88163,2.08797,2.31363,2.55992,2.82823,3.12,3.43674,3.78001,4.15145,4.55274,4.98563,5.45194,5.95354,6.49237,7.07041,7.68974,8.35246,9.06077,9.8169,10.6232,11.4819,12.3956,13.3667,14.3977,15.4913,16.6501,17.877,19.1746,20.5458,21.9936,23.5209
-0.36,23.2923,21.7737,20.3344,18.9714,17.6819,16.463,15.3118,14.2256,13.2018,12.2378,11.331,10.4789,9.67906,8.92916,8.22688,7.56998,6.95627,6.38364,5.85003,5.35344,4.89193,4.46363,4.06674,3.69949,3.3602,3.04724,2.75905,2.49411,2.25098,2.02829,1.82471,1.63899,1.46991,1.31635,1.17724,1.05155,0.938333,0.836705,0.745832,0.664946,0.59334,0.53037,0.475453,0.428064,0.387745,0.354095,0.326776,0.305513,0.29009,0.280353,0.27621,0.277631,0.284647,0.297348,0.31589,0.340487,0.371415,0.409013,0.453679,0.505876,0.566124,0.635007,0.713172,0.801323,0.90023,1.01072,1.13369,1.27008,1.42092,1.58727,1.77028,1.97114,2.19111,2.43151,2.69373,2.9792,3.28944,3.62601,3.99053,4.38471,4.81028,5.26907,5.76294,6.29383,6.86374,7.47472,8.1289,8.82846,9.57564,10.3727,11.2221,12.1262,13.0875,14.1086,15.192,16.3405,17.5567,18.8435,20.2038,21.6403,23.1562
-0.32,23.5047,21.9832,20.541,19.175,17.8825,16.6605,15.5062,14.4169,13.3899,12.4226,11.5125,10.6571,9.85384,9.10051,8.39474,7.7343,7.11702,6.54076,6.00347,5.50315,5.03788,4.60576,4.205,3.83384,3.49059,3.17362,2.88137,2.61233,2.36506,2.13817,1.93035,1.74033,1.56691,1.40897,1.26542,1.13525,1.0175,0.9113,0.815803,0.730247,0.653923,0.586188,0.526457,0.474208,0.428981,0.390376,0.358055,0.331742,0.311222,0.29634,0.287006,0.283187,0.284916,0.292283,0.305444,0.324612,0.350064,0.382138,0.421234,0.467812,0.522394,0.585565,0.657969,0.740312,0.833364,0.937953,1.05497,1.18537,1.33016,1.49042,1.66729,1.86196,2.0757,2.30982,2.5657,2.8448,3.14861,3.47871,3.83672,4.22433,4.64329,5.09541,5.58258,6.10671,6.66982,7.27395,7.92124,8.61385,9.35403,10.1441,10.9864,11.8834,12.8375,13.8513,14.9275,16.0686,17.2775,18.5569,19.9096,21.3387,22.847
-0.28,24.1052,22.5707,21.1156,19.7369,18.4316,17.197,16.0301,14.9284,13.889,12.9095,11.9872,11.1196,10.3044,9.53914,8.82154,8.14936,7.52041,6.93258,6.38381,5.87211,5.39552,4.9522,4.54031,4.15811,3.80391,3.47608,3.17305,2.89333,2.63546,2.39806,2.17981,1.97946,1.7958,1.6277,1.47409,1.33394,1.2063,1.0903,0.985088,0.889906,0.804046,0.726862,0.657771,0.59625,0.54184,0.49414,0.452812,0.417581,0.38823,0.364607,0.346619,0.334236,0.327488,0.326467,0.331328,0.342284,0.359613,0.383653,0.414802,0.453522,0.500335,0.555824,0.620635,0.695475,0.78111,0.878371,0.988149,1.1114,1.24912,1.40241,1.57239,1.76027,1.96729,2.19479,2.44415,2.7168,3.01426,3.33809,3.68992,4.07143,4.48439,4.9306,5.41194,5.93034,6.4878,7.08637,7.72818,8.41541,9.1503,9.93515,10.7723,11.6643,12.6135,13.6224,14.6938,15.8303,17.0346,18.3094,19.6578,21.0825,22.5866
-0.24,24.9955,23.4406,21.9652,20.5663,19.2412,17.9868,16.8004,15.6793,14.6208,13.6222,12.6811,11.795,10.9613,10.1779,9.44223,8.75221,8.10561,7.50032,6.93427,6.40548,5.912,5.45196,5.02355,4.62502,4.25468,3.9109,3.59211,3.29681,3.02356,2.77097,2.53772,2.32255,2.12426,1.94172,1.77386,1.61965,1.47815,1.34846,1.22975,1.12127,1.02229,0.932184,0.850357,0.77629,0.709521,0.649652,0.596345,0.549323,0.508371,0.473336,0.444125,0.420708,0.403115,0.391439,0.385833,0.386512,0.393753,0.407893,0.429333,0.458532,0.496013,0.54236,0.598218,0.664293,0.741353,0.830228,0.931809,1.04705,1.17696,1.32262,1.48516,1.66578,1.86574,2.08637,2.32904,2.5952,2.88635,3.20407,3.54997,3.92575,4.33316,4.77401,5.25017,5.76359,6.31626,6.91023,7.54762,8.23063,8.96148,9.74249,10.576,11.4645,12.4104,13.4163,14.4848,15.6185,16.8203,18.0928,19.439,20.8618,22.3641
-0.2,26.0486,24.469,22.9692,21.5462,20.1972,18.9191,17.7094,16.5651,15.4836,14.4624,13.4989,12.5906,11.735,10.9298,10.1727,9.46151,8.79395,8.16794,7.58142,7.0324,6.51894,6.03916,5.59126,5.17348,4.78414,4.4216,4.0843,3.77073,3.47945,3.20908,2.9583,2.72584,2.51051,2.31117,2.12674,1.95622,1.79865,1.65314,1.51886,1.39505,1.28098,1.17603,1.07961,0.991186,0.910309,0.836576,0.76965,0.709253,0.655172,0.607251,0.5654,0.529587,0.499844,0.476261,0.458994,0.448256,0.444325,0.447538,0.458295,0.477056,0.504344,0.540742,0.586896,0.643512,0.711358,0.791264,0.88412,0.990879,1.11255,1.25022,1.40502,1.57814,1.77085,1.98446,2.22036,2.48,2.76488,3.07656,3.41667,3.78691,4.18902,4.62481,5.09617,5.60502,6.15337,6.74326,7.37683,8.05625,8.78376,9.56167,10.3923,11.2782,12.2218,13.2255,14.2921,15.4243,16.6246,17.896,19.2413,20.6635,22.1654
-0.16,27.1214,25.5168,23.9923,22.5449,21.1715,19.8695,18.636,17.4682,16.3636,15.3194,14.3331,13.4023,12.5245,11.6973,10.9185,10.1857,9.49694,8.84993,8.24267,7.67316,7.13945,6.63968,6.17203,5.73476,5.32617,4.94463,4.58858,4.25651,3.94699,3.65861,3.39008,3.14012,2.90754,2.69119,2.49002,2.303,2.12917,1.96766,1.81762,1.6783,1.54898,1.42902,1.31784,1.21491,1.11978,1.03203,0.951349,0.877443,0.810101,0.74917,0.694558,0.646233,0.604227,0.568631,0.5396,0.517349,0.502153,0.494351,0.494342,0.502587,0.519609,0.54599,0.582376,0.629474,0.688051,0.758937,0.843023,0.941262,1.05467,1.18431,1.33133,1.49693,1.68237,1.88896,2.11809,2.3712,2.6498,2.95545,3.28979,3.6545,4.05133,4.4821,4.94868,5.45301,5.99707,6.58294,7.21272,7.88861,8.61284,9.38772,10.2156,11.0989,12.0402,13.0419,14.1068,15.2373,16.4364,17.7068,19.0513,20.4729,21.9746
-0.12,28.0696,26.4436,24.8977,23.4291,22.0349,20.7122,19.4582,18.2701,17.1453,16.0813,15.0753,14.125,13.2279,12.3816,11.5839,10.8325,10.1253,9.45999,8.83466,8.24728,7.69592,7.17869,6.69379,6.23946,5.81402,5.41584,5.04335,4.69504,4.36948,4.06527,3.7811,3.51571,3.26791,3.03654,2.82055,2.61891,2.43067,2.25494,2.0909,1.93777,1.79485,1.66149,1.53711,1.42119,1.31326,1.21293,1.11986,1.03378,0.954454,0.881746,0.81556,0.755865,0.702691,0.65613,0.616337,0.583526,0.557974,0.540019,0.53006,0.528557,0.536034,0.553073,0.58032,0.618482,0.668326,0.730682,0.80644,0.896554,1.00204,1.12396,1.26347,1.42176,1.60008,1.79976,2.02219,2.2688,2.5411,2.84066,3.1691,3.52812,3.91947,4.34496,4.80645,5.3059,5.84529,6.42668,7.0522,7.72402,8.44438,9.2156,10.04,10.9201,11.8583,12.8572,13.9194,15.0475,16.2444,17.5127,18.8554,20.2754,21.7756
-0.08,28.7622,27.1216,25.5613,24.0783,22.6699,21.333,20.065,18.863,17.7244,16.6466,15.6271,14.6633,13.7528,12.8933,12.0825,11.318,10.5978,9.91974,9.28171,8.68173,8.11787,7.58826,7.09109,6.62461,6.18712,5.77699,5.39267,5.03264,4.69546,4.37976,4.0842,3.80752,3.54854,3.30612,3.07917,2.86668,2.66771,2.48136,2.3068,2.14327,1.99005,1.84651,1.71206,1.58617,1.46838,1.35831,1.2556,1.15999,1.07125,0.989232,0.913848,0.845064,0.782912,0.727483,0.678931,0.637471,0.603379,0.576994,0.558714,0.549001,0.548377,0.557426,0.576792,0.607182,0.649364,0.704168,0.772484,0.855265,0.953525,1.06834,1.20084,1.35223,1.52377,1.71678,1.93264,2.1728,2.43876,2.73208,3.0544,3.4074,3.79284,4.21253,4.66834,5.16221,5.69613,6.27217,6.89244,7.55912,8.27446,9.04075,9.86038,10.7358,11.6694,12.6638,13.7216,14.8455,16.0382,17.3025,18.6412,20.0574,21.5538
-0.04,29.0948,27.4492,25.884,24.3962,22.9828,21.641,20.368,19.161,18.0174,16.9346,15.91,14.9412,14.0256,13.161,12.345,11.5754,10.85,10.1667,9.52348,8.91826,8.34915,7.81426,7.31179,6.83999,6.39716,5.98167,5.59197,5.22654,4.88394,4.56279,4.26176,3.97961,3.71512,3.46717,3.23467,3.01662,2.81206,2.6201,2.43992,2.27074,2.11185,1.96262,1.82245,1.69083,1.5673,1.45145,1.34295,1.24152,1.14695,1.05908,0.977818,0.903138,0.835069,0.773703,0.719194,0.671755,0.631665,0.59926,0.574941,0.559168,0.552462,0.555409,0.568653,0.5929,0.628919,0.677539,0.739651,0.816207,0.908221,1.01677,1.14298,1.28807,1.45328,1.63994,1.84943,2.0832,2.34275,2.62964,2.94551,3.29204,3.67098,4.08416,4.53344,5.02075,5.5481,6.11754,6.73119,7.39124,8.09992,8.85954,9.67246,10.5411,11.468,12.4556,13.5067,14.6238,15.8096,17.0671,18.399,19.8082,21.2978
0,29,27.3611,25.8023,24.3208,22.9135,21.5776,20.3103,19.1089,17.9707,16.8931,15.8736,14.9096,13.9987,13.1387,12.327,11.5616,10.8402,10.1608,9.52115,8.91941,8.3536,7.82184,7.32232,6.85329,6.41306,6,5.61255,5.24919,4.9085,4.58907,4.2896,4.00882,3.74554,3.49861,3.26697,3.0496,2.84554,2.65392,2.47388,2.30468,2.1456,1.996,1.85529,1.72295,1.59852,1.4816,1.37186,1.26901,1.17284,1.0832,1,0.923203,0.852841,0.789007,0.731855,0.6816,0.638518,0.602947,0.575286,0.555996,0.5456,0.544681,0.553884,0.573916,0.605545,0.6496,0.706972,0.778614,0.865539,0.968822,1.0896,1.22907,1.3885,1.56919,1.77255,2,2.25306,2.53329,2.84232,3.18184,3.5536,3.95941,4.40115,4.88076,5.40022,5.9616,6.56702,7.21865,7.91875,8.66961,9.4736,10.3331,11.2507,12.2289,13.2703,14.3776,15.5535,16.8008,18.1223,19.5211,21
0.04,28.4548,26.8346,25.2942,23.8307,22.4411,21.1226,19.8724,18.6877,17.5658,16.5043,15.5004,14.5518,13.6559,12.8105,12.0132,11.2618,10.5541,9.88795,9.26134,8.67225,8.11875,7.59897,7.11109,6.65336,6.2241,5.82167,5.44451,5.09111,4.76003,4.44989,4.15936,3.88719,3.63218,3.39318,3.16914,2.95902,2.76189,2.57684,2.40305,2.23976,2.08625,1.94188,1.80607,1.67829,1.55808,1.44505,1.33885,1.23922,1.14592,1.05882,0.977818,0.902882,0.834045,0.771399,0.715098,0.665355,0.622449,0.586716,0.558557,0.538432,0.526862,0.524433,0.531789,0.549636,0.578743,0.619939,0.674115,0.742223,0.825277,0.924352,1.04058,1.17517,1.32938,1.50452,1.70198,1.9232,2.16969,2.44301,2.7448,3.07674,3.44058,3.83814,4.27129,4.74197,5.25216,5.80394,6.39941,7.04077,7.73025,8.47016,9.26286,10.1108,11.0164,11.9823,13.0111,14.1054,15.2679,16.5016,17.8091,19.1936,20.6578
0.08,27.4822,25.8923,24.3816,22.9473,21.5865,20.2962,19.0737,17.9163,16.8212,15.786,14.8079,13.8845,13.0135,12.1924,11.4189,10.6908,10.006,9.36217,8.75742,8.1897,7.65707,7.15767,6.68968,6.25136,5.841,5.45699,5.09776,4.76179,4.44765,4.15396,3.8794,3.62269,3.38265,3.15815,2.94809,2.75148,2.56736,2.39483,2.23308,2.08132,1.93885,1.80504,1.67929,1.56108,1.44995,1.34551,1.24741,1.15538,1.0692,0.98872,0.913848,0.844552,0.780864,0.722875,0.670739,0.624671,0.584947,0.551906,0.525946,0.507529,0.497177,0.495474,0.503064,0.520654,0.549012,0.588968,0.641412,0.707297,0.787637,0.883506,0.996042,1.12644,1.27597,1.44594,1.63773,1.8528,2.09264,2.35883,2.65299,2.97681,3.33204,3.7205,4.14405,4.60464,5.10426,5.64497,6.22888,6.85819,7.53513,8.262,9.04118,9.87508,10.7662,11.7171,12.7304,13.8087,14.9548,16.1715,17.4616,18.828,20.2738
0.12,26.1496,24.5996,23.1282,21.7326,20.4098,19.157,17.9713,16.8501,15.7906,14.7902,13.8465,12.9569,12.1189,11.3302,10.5886,9.89174,9.23745,8.62364,8.04823,7.50924,7.00472,6.5328,6.09168,5.67959,5.29485,4.93584,4.60098,4.28877,3.99776,3.72658,3.4739,3.23847,3.01907,2.81459,2.62394,2.44611,2.28014,2.12515,1.98031,1.84484,1.71805,1.59928,1.48796,1.38356,1.28562,1.19373,1.10758,1.02686,0.951382,0.880978,0.81556,0.755097,0.699619,0.649218,0.604049,0.564326,0.530326,0.502387,0.480908,0.466349,0.459234,0.460145,0.469728,0.48869,0.517798,0.557882,0.609832,0.674602,0.753205,0.846715,0.95627,1.08307,1.22837,1.39349,1.57982,1.7888,2.02193,2.28079,2.56699,2.88224,3.22827,3.60691,4.02002,4.46955,4.95748,5.48588,6.05687,6.67263,7.33539,8.04747,8.81123,9.6291,10.5036,11.4372,12.4325,13.4923,14.6193,15.8162,17.0859,18.4314,19.8556
0.16,24.5614,23.0582,21.633,20.2828,19.0048,17.7959,16.6535,15.5749,14.5572,13.598,12.6947,11.8448,11.0458,10.2954,9.59136,8.93134,8.31319,7.7348,7.1941,6.68909,6.21785,5.7785,5.36922,4.98826,4.63394,4.30463,3.99876,3.71482,3.45137,3.20703,2.98048,2.77045,2.57576,2.39526,2.22787,2.0726,1.92847,1.7946,1.67017,1.5544,1.44658,1.34608,1.2523,1.16474,1.08291,1.00643,0.934965,0.868227,0.806005,0.748146,0.694558,0.645209,0.600131,0.559415,0.523216,0.491749,0.465289,0.444175,0.428806,0.419643,0.417209,0.422086,0.43492,0.456418,0.487347,0.528537,0.580879,0.645326,0.72289,0.814647,0.921734,1.04535,1.18675,1.34726,1.52826,1.7312,1.95758,2.20896,2.48698,2.79332,3.12973,3.49804,3.90011,4.33787,4.81333,5.32854,5.88562,6.48675,7.13418,7.83021,8.57721,9.3776,10.2339,11.1486,12.1243,13.1637,14.2696,15.4448,16.692,18.0143,19.4146
0.2,22.8486,21.3957,20.0201,18.7187,17.4887,16.3271,15.2313,14.1984,13.2257,12.3108,11.4509,10.6437,9.88667,9.1775,8.51386,7.89351,7.31427,6.77402,6.2707,5.80232,5.36694,4.96268,4.58774,4.24036,3.91886,3.6216,3.34702,3.09361,2.85993,2.6446,2.4463,2.26376,2.09579,1.94125,1.79906,1.66822,1.54777,1.43682,1.33454,1.24017,1.15298,1.07235,0.997687,0.928466,0.864229,0.804576,0.74917,0.697733,0.650052,0.605971,0.5654,0.528307,0.494724,0.464741,0.438514,0.416256,0.398245,0.384818,0.376375,0.373376,0.376344,0.385862,0.402576,0.427192,0.460478,0.503264,0.55644,0.620959,0.697834,0.788141,0.893016,1.01366,1.15133,1.30734,1.48308,1.68,1.8996,2.14344,2.41315,2.71043,3.03702,3.39473,3.78545,4.2111,4.67369,5.17526,5.71795,6.30393,6.93544,7.61479,8.34434,9.12653,9.96383,10.8588,11.8141,12.8323,13.9161,15.0685,16.2922,17.5902,18.9654
0.24,21.1555,19.7526,18.4262,17.1733,15.991,14.8764,13.8267,12.8392,11.9113,11.0402,10.2235,9.45872,8.74336,8.07508,7.45158,6.87061,6.32999,5.82761,5.36141,4.92938,4.5296,4.16018,3.81933,3.50528,3.21635,2.9509,2.70738,2.48427,2.28014,2.09359,1.92332,1.76805,1.6266,1.49782,1.38064,1.27405,1.17709,1.08887,1.00857,0.935412,0.868693,0.807768,0.752053,0.701026,0.654225,0.611252,0.571769,0.535499,0.502227,0.4718,0.444125,0.419172,0.396971,0.377615,0.361257,0.348112,0.338457,0.332629,0.331029,0.334116,0.342413,0.356504,0.377034,0.404709,0.440297,0.484628,0.538593,0.603144,0.679294,0.76812,0.870757,0.988404,1.12232,1.27383,1.4443,1.6352,1.84802,2.08432,2.34574,2.63397,2.95076,3.29791,3.67731,4.09089,4.54064,5.02863,5.55697,6.12784,6.7435,7.40623,8.11841,8.88247,9.70088,10.5762,11.5111,12.5081,13.5701,14.6998,15.9001,17.1739,18.5241
0.28,19.6252,18.2681,16.9868,15.7784,14.6398,13.5682,12.5608,11.615,10.728,9.89714,9.11998,8.39399,7.71675,7.08589,6.49911,5.95416,5.44886,4.9811,4.54881,4.14999,3.78272,3.44512,3.13538,2.85174,2.59251,2.35608,2.14086,1.94536,1.76813,1.60779,1.46301,1.33255,1.2152,1.10982,1.01533,0.930737,0.855073,0.78745,0.72704,0.673074,0.624846,0.58171,0.543083,0.508442,0.477328,0.44934,0.42414,0.401453,0.381062,0.362815,0.346619,0.332444,0.32032,0.310339,0.302656,0.297484,0.295101,0.295845,0.300114,0.30837,0.321135,0.338992,0.362587,0.392627,0.429878,0.475171,0.529397,0.593507,0.668516,0.755499,0.855593,0.969995,1.09996,1.24682,1.41195,1.5968,1.80287,2.03172,2.28499,2.56436,2.87159,3.20849,3.57693,3.97885,4.41624,4.89117,5.40575,5.96216,6.56265,7.20952,7.90513,8.65192,9.45237,10.309,11.2245,12.2015,13.2427,14.3509,15.529,16.7799,18.1066
0.32,18.3847,17.0659,15.8224,14.651,13.5489,12.5133,11.5413,10.6301,9.77724,8.97994,8.23571,7.54205,6.89653,6.29679,5.74053,5.2255,4.74953,4.31049,3.90632,3.53502,3.19468,2.88339,2.59937,2.34085,2.10614,1.89362,1.70172,1.52894,1.37383,1.235,1.11115,1.001,0.90336,0.817095,0.741128,0.674446,0.616097,0.565188,0.520891,0.482439,0.449123,0.4203,0.395385,0.373856,0.355253,0.339176,0.325287,0.31331,0.30303,0.294292,0.287006,0.281139,0.276724,0.273851,0.272676,0.273412,0.276336,0.281786,0.290162,0.301924,0.317594,0.337757,0.363057,0.3942,0.431956,0.477153,0.530682,0.593496,0.666607,0.751093,0.848088,0.958792,1.08446,1.22642,1.38605,1.5648,1.76417,1.98572,2.23109,2.50196,2.80009,3.12728,3.48542,3.87644,4.30233,4.76515,5.26703,5.81014,6.39672,7.02908,7.70959,8.44068,9.22482,10.0646,10.9625,11.9214,12.9439,14.0328,15.191,16.4214,17.727
0.36,17.5323,16.2418,15.026,13.8819,12.8067,11.7974,10.8512,9.96553,9.13759,8.36479,7.64459,6.9745,6.35208,5.77498,5.2409,4.74758,4.29285,3.87459,3.49073,3.13929,2.81833,2.52597,2.2604,2.01987,1.8027,1.60724,1.43194,1.27529,1.13585,1.01223,0.903114,0.807241,0.723414,0.650496,0.587411,0.533146,0.486749,0.447329,0.414056,0.386162,0.36294,0.343746,0.327997,0.315168,0.304801,0.296495,0.289912,0.284777,0.280874,0.278049,0.27621,0.275327,0.275431,0.276612,0.279026,0.282887,0.288471,0.296117,0.306223,0.319252,0.335724,0.356223,0.381396,0.411947,0.448646,0.492322,0.543865,0.604228,0.674424,0.75553,0.84868,0.955075,1.07597,1.21269,1.36662,1.5392,1.73193,1.94639,2.1842,2.44704,2.73668,3.05492,3.40364,3.78477,4.20031,4.65232,5.14292,5.67428,6.24866,6.86835,7.53572,8.2532,9.02328,9.8485,10.7315,11.6749,12.6815,13.754,14.8953,16.1084,17.3962
0.4,17.1277,15.8537,14.6541,13.5259,12.4663,11.4723,10.5411,9.67012,8.85655,8.09781,7.39136,6.73472,6.12544,5.56118,5.03961,4.55851,4.11569,3.70903,3.33647,2.99601,2.68573,2.40374,2.14823,1.91746,1.70973,1.52341,1.35694,1.20882,1.07759,0.961878,0.860362,0.771783,0.694941,0.6287,0.571985,0.523783,0.48314,0.449166,0.421032,0.397969,0.379271,0.364293,0.352451,0.343223,0.336149,0.330828,0.326923,0.324157,0.322315,0.321245,0.320853,0.321108,0.322043,0.323748,0.326377,0.330146,0.33533,0.342269,0.35136,0.363065,0.377907,0.396468,0.419395,0.447393,0.48123,0.521736,0.569803,0.626381,0.692485,0.769191,0.857634,0.959013,1.07459,1.20568,1.35367,1.52,1.70618,1.91377,2.14441,2.39978,2.68163,2.99178,3.3321,3.70453,4.11105,4.55374,5.0347,5.55613,6.12026,6.7294,7.38591,8.09222,8.85082,9.66425,10.5351,11.4661,12.46,13.5195,14.6475,15.847,17.1209
0.44,17.1856,15.916,14.7207,13.5967,12.5411,11.5509,10.6235,9.75604,8.94589,8.19044,7.48712,6.83346,6.22703,5.66546,5.14645,4.66775,4.22719,3.82264,3.45205,3.11341,2.8048,2.52435,2.27023,2.04069,1.83406,1.64869,1.48303,1.33556,1.20485,1.0895,0.988208,0.899705,0.822794,0.756338,0.699263,0.650555,0.60926,0.57449,0.545413,0.521262,0.501331,0.484974,0.471607,0.46071,0.451819,0.444537,0.438525,0.433507,0.429268,0.425654,0.422573,0.419994,0.417949,0.416528,0.415886,0.416239,0.417861,0.421092,0.42633,0.434037,0.444734,0.459006,0.477497,0.500914,0.530025,0.56566,0.608708,0.660124,0.72092,0.792171,0.875015,0.970649,1.08033,1.20539,1.3472,1.5072,1.68691,1.88788,2.11176,2.36022,2.63501,2.93796,3.27094,3.63587,4.03476,4.46966,4.9427,5.45605,6.01196,6.61273,7.26073,7.95839,8.70819,9.51268,10.3745,11.2962,12.2807,13.3307,14.4491,15.6387,16.9026
0.48,17.6744,16.398,15.196,14.0652,13.0027,12.0058,11.0716,10.1974,9.38046,8.61824,7.90817,7.24776,6.63458,6.06627,5.54053,5.0551,4.60782,4.19655,3.81925,3.47391,3.1586,2.87145,2.61064,2.37442,2.16111,1.96907,1.79673,1.6426,1.50523,1.38324,1.2753,1.18015,1.0966,1.02352,0.959818,0.90449,0.856582,0.815202,0.779522,0.748774,0.72225,0.699306,0.679358,0.661884,0.646423,0.632576,0.620004,0.608431,0.597643,0.587486,0.577866,0.568755,0.560182,0.55224,0.545081,0.538922,0.534039,0.53077,0.529513,0.530731,0.534944,0.542737,0.554755,0.571704,0.594353,0.623531,0.660128,0.705097,0.759453,0.824269,0.900683,0.989892,1.09316,1.2118,1.3472,1.5008,1.67411,1.86869,2.08618,2.32826,2.59668,2.89326,3.21987,3.57844,3.97098,4.39953,4.86623,5.37324,5.92282,6.51726,7.15894,7.85028,8.59377,9.39195,10.2474,11.1629,12.1411,13.1848,14.2969,15.4802,16.7379
0.52,18.5195,17.2271,16.0091,14.8625,13.7844,12.7719,11.8223,10.9327,10.1007,9.32341,8.59844,7.92325,7.29543,6.71261,6.17248,5.6728,5.21139,4.78613,4.39496,4.03589,3.70697,3.40634,3.13219,2.88275,2.65635,2.45136,2.2662,2.09937,1.94943,1.815,1.69475,1.58743,1.49183,1.40683,1.33134,1.26436,1.20492,1.15214,1.10519,1.0633,1.02577,0.991949,0.961252,0.933158,0.907207,0.883,0.860198,0.838525,0.817767,0.797769,0.778439,0.759746,0.741722,0.724459,0.708109,0.692889,0.679074,0.667003,0.657074,0.649749,0.64555,0.64506,0.648926,0.657852,0.672608,0.694022,0.722986,0.760452,0.807433,0.865006,0.934306,1.01653,1.11294,1.22486,1.35366,1.5008,1.66777,1.85615,2.06757,2.3037,2.56631,2.8572,3.17825,3.5314,3.91863,4.34202,4.80368,5.30579,5.85059,6.44039,7.07755,7.7645,8.50373,9.29779,10.1493,11.0609,12.0353,13.0754,14.184,15.364,16.6184
0.56,19.6108,18.296,17.0557,15.8871,14.7872,13.7532,12.7822,11.8716,11.0186,10.2206,9.47518,8.77972,8.13184,7.52918,6.96942,6.45033,5.96972,5.52548,5.11554,4.73792,4.39067,4.07192,3.77985,3.51273,3.26885,3.04659,2.84439,2.66073,2.49418,2.34334,2.20691,2.08362,1.97227,1.87172,1.78091,1.69881,1.62448,1.55702,1.49561,1.43947,1.3879,1.34026,1.29596,1.25447,1.21535,1.17818,1.14264,1.10843,1.07536,1.04326,1.01205,0.981687,0.952209,0.923706,0.896332,0.870303,0.845894,0.823444,0.803352,0.786078,0.772145,0.762137,0.756699,0.756537,0.76242,0.775176,0.795697,0.824934,0.863903,0.913677,0.975394,1.05025,1.13951,1.24449,1.36657,1.5072,1.66788,1.85018,2.05573,2.28622,2.54339,2.82907,3.14512,3.49348,3.87614,4.29518,4.75269,5.25087,5.79196,6.37827,7.01215,7.69603,8.43241,9.22383,10.0729,10.9823,11.9548,12.9931,14.1001,15.2788,16.532
0.6,20.8137,19.4737,18.2085,17.0152,15.8908,14.8326,13.8377,12.9033,12.0269,11.2057,10.4373,9.71921,9.04889,8.42405,7.84236,7.3016,6.79957,6.33416,5.9033,5.50501,5.13735,4.79844,4.48647,4.19969,3.93641,3.695,3.47389,3.27159,3.08664,2.91767,2.76335,2.62242,2.49369,2.37601,2.26832,2.1696,2.07889,1.99531,1.91803,1.84628,1.77935,1.7166,1.65743,1.60135,1.54787,1.4966,1.4472,1.39941,1.35299,1.3078,1.26375,1.2208,1.17899,1.13841,1.09921,1.0616,1.02587,0.992346,0.961436,0.933596,0.90935,0.889281,0.874034,0.864316,0.860895,0.8646,0.876322,0.897014,0.927689,0.969422,1.02335,1.09067,1.17265,1.27059,1.3859,1.52,1.67441,1.85069,2.05047,2.27544,2.52735,2.80801,3.1193,3.46316,3.84157,4.2566,4.71037,5.20505,5.7429,6.32621,6.95735,7.63875,8.37289,9.16233,10.0097,10.9176,11.8888,12.9262,14.0325,15.2107,16.4637
0.64,21.9831,20.6189,19.3298,18.1128,16.965,15.8836,14.8657,13.9086,13.0097,12.1663,11.3759,10.636,9.94414,9.298,8.69526,8.13368,7.61107,7.12532,6.67437,6.25622,5.86893,5.51063,5.17952,4.87383,4.59188,4.33203,4.09274,3.87248,3.66981,3.48336,3.3118,3.15386,3.00837,2.87417,2.75019,2.63541,2.5289,2.42975,2.33713,2.25028,2.16849,2.09111,2.01757,1.94734,1.87996,1.81502,1.7522,1.69121,1.63184,1.57394,1.51741,1.46222,1.40841,1.35607,1.30534,1.25645,1.20968,1.16535,1.12387,1.08569,1.05136,1.02143,0.996568,0.977471,0.96491,0.959713,0.962772,0.975038,0.997526,1.03131,1.07753,1.13738,1.21212,1.30307,1.41162,1.5392,1.68733,1.85757,2.05154,2.27095,2.51753,2.7931,3.09954,3.43878,3.81282,4.22371,4.67358,5.16461,5.69903,6.27916,6.90736,7.58605,8.31772,9.10493,9.95028,10.8565,11.8262,12.8622,13.9675,15.1449,16.3974
0.68,22.9777,21.5941,20.2858,19.0499,17.8832,16.7831,15.7468,14.7714,13.8543,12.993,12.1848,11.4273,10.718,10.0546,9.43475,8.85625,8.3169,7.81458,7.34723,6.91285,6.50951,6.13534,5.78852,5.4673,5.17,4.89498,4.64067,4.40558,4.18825,3.98732,3.80144,3.62937,3.46991,3.32192,3.18433,3.05611,2.93633,2.82408,2.71854,2.61895,2.52459,2.43481,2.34905,2.26676,2.1875,2.11086,2.03651,1.96417,1.89362,1.82471,1.75734,1.6915,1.6272,1.56455,1.50368,1.44483,1.38826,1.33431,1.28339,1.23595,1.19252,1.15367,1.12006,1.09239,1.07143,1.05801,1.05301,1.0574,1.07219,1.09844,1.1373,1.18997,1.2577,1.34182,1.4437,1.5648,1.70661,1.87071,2.05872,2.27234,2.5133,2.78343,3.0846,3.41875,3.78786,4.19401,4.6393,5.12593,5.65612,6.2322,6.85652,7.5315,8.25965,9.0435,9.88567,10.7888,11.7557,12.7891,13.8919,15.067,16.3173
0.72,23.6748,22.28,20.9604,19.7133,18.5356,17.4244,16.3771,15.3908,14.4629,13.5908,12.7719,12.0037,11.2838,10.6099,9.97963,9.39075,8.84108,8.32851,7.85097,7.40647,6.99308,6.60892,6.25218,5.92111,5.61401,5.32926,5.0653,4.82062,4.59376,4.38336,4.1881,4.0067,3.83797,3.68078,3.53406,3.39678,3.26799,3.14681,3.03241,2.92401,2.82091,2.72246,2.62809,2.53727,2.44953,2.36449,2.28179,2.20117,2.12241,2.04536,1.96992,1.89606,1.82381,1.75328,1.6846,1.61799,1.55374,1.49218,1.4337,1.37878,1.32792,1.28172,1.24082,1.20593,1.17781,1.1573,1.14528,1.14271,1.1506,1.17003,1.20212,1.2481,1.3092,1.38675,1.48214,1.5968,1.73225,1.89004,2.07182,2.27926,2.51412,2.77822,3.07341,3.40165,3.76493,4.1653,4.60488,5.08587,5.61049,6.18105,6.79992,7.46953,8.19236,8.97096,9.80795,10.706,11.6678,12.6963,13.7941,14.9643,16.2099
0.76,23.9826,22.5869,21.2665,20.0184,18.8396,17.7274,16.6788,15.6913,14.762,13.8885,13.0681,12.2983,11.5768,10.9012,10.2691,9.67835,9.12674,8.61215,8.13252,7.68585,7.27022,6.88374,6.5246,6.19106,5.88142,5.59406,5.3274,5.07995,4.85025,4.63694,4.43867,4.25421,4.08234,3.92194,3.77192,3.63127,3.49904,3.37434,3.25635,3.14428,3.03744,2.93518,2.83692,2.74213,2.65035,2.56119,2.4743,2.38942,2.30632,2.22485,2.14491,2.06649,1.98961,1.91435,1.84089,1.76942,1.70022,1.63365,1.57008,1.50999,1.4539,1.40238,1.35609,1.31574,1.28208,1.25595,1.23825,1.22991,1.23196,1.24548,1.27159,1.3115,1.36646,1.4378,1.5269,1.6352,1.76421,1.9155,2.09068,2.29146,2.51959,2.77687,3.06518,3.38646,3.7427,4.13595,4.56835,5.04207,5.55936,6.12251,6.7339,7.39594,8.11114,8.88203,9.71123,10.6014,11.5553,12.5757,13.6655,14.8276,16.0649
0.8,23.8493,22.4647,21.1551,19.9175,18.749,17.6469,16.6082,15.6303,14.7104,13.846,13.0346,12.2735,11.5605,10.8931,10.269,9.68597,9.14188,8.63458,8.162,7.72216,7.31311,6.93298,6.57996,6.25231,5.94832,5.66637,5.4049,5.16239,4.93741,4.72857,4.53456,4.35411,4.18602,4.02916,3.88245,3.74488,3.61549,3.4934,3.37778,3.26786,3.16292,3.06233,2.96551,2.87192,2.78112,2.69269,2.60631,2.52169,2.43863,2.35696,2.27659,2.1975,2.11972,2.04333,1.96849,1.89542,1.82439,1.75574,1.68987,1.62724,1.56837,1.51385,1.46432,1.42049,1.38313,1.35305,1.33117,1.31842,1.31583,1.32447,1.34546,1.38002,1.42941,1.49493,1.57798,1.68,1.80249,1.94703,2.11523,2.30879,2.52946,2.77906,3.05945,3.37257,3.72042,4.10505,4.5286,4.99323,5.50119,6.05478,6.65637,7.30839,8.01333,8.77372,9.5922,10.4714,11.4141,12.4231,13.5012,14.6514,15.8766
0.84,23.2687,21.9071,20.6201,19.4048,18.2582,17.1775,16.1599,15.2027,14.3031,13.4586,12.6666,11.9247,11.2303,10.5812,9.97506,9.40958,8.88261,8.39203,7.93579,7.51188,7.11837,6.75339,6.41512,6.10182,5.81179,5.54341,5.2951,5.06537,4.85277,4.65592,4.47349,4.30423,4.14694,4.00048,3.86377,3.73581,3.61564,3.50238,3.39518,3.29328,3.19598,3.10263,3.01265,2.92551,2.84076,2.75799,2.67687,2.59712,2.51853,2.44094,2.36425,2.28845,2.21355,2.13966,2.06692,1.99555,1.92583,1.8581,1.79274,1.73024,1.6711,1.61591,1.56532,1.52003,1.48081,1.44849,1.42396,1.40817,1.40215,1.40695,1.42372,1.45366,1.49803,1.55814,1.63538,1.7312,1.8471,1.98464,2.14545,2.33123,2.54372,2.78474,3.05616,3.35992,3.69801,4.07249,4.48548,4.93916,5.43578,5.97764,6.5671,7.20659,7.8986,8.64568,9.45044,10.3156,11.2438,12.2378,13.3007,14.4351,15.6443
0.88,22.2804,20.9528,19.6993,18.517,17.4028,16.3539,15.3676,14.4412,13.5718,12.757,11.9942,11.2808,10.6145,9.9929,9.41369,8.87464,8.37355,7.90831,7.47686,7.0772,6.7074,6.36559,6.04995,5.75873,5.49024,5.24285,5.015,4.80518,4.61195,4.43393,4.26978,4.11826,3.97817,3.84837,3.72778,3.61539,3.51026,3.41147,3.31822,3.22973,3.14529,3.06425,2.98605,2.91014,2.83608,2.76346,2.69194,2.62125,2.55118,2.48156,2.41231,2.3434,2.27485,2.20677,2.13929,2.07265,2.00711,1.94301,1.88075,1.8208,1.76366,1.70994,1.66027,1.61537,1.57599,1.54296,1.51719,1.49961,1.49125,1.49318,1.50654,1.53252,1.57239,1.62746,1.69911,1.7888,1.89802,2.02835,2.18141,2.35889,2.56254,2.79418,3.05567,3.34896,3.67604,4.03896,4.43986,4.8809,5.36434,5.89247,6.46766,7.09235,7.76901,8.50019,9.28852,10.1366,11.0473,12.0233,13.0676,14.1829,15.3723
0.92,20.9664,19.6816,18.4703,17.3294,16.2561,15.2474,14.3006,13.413,12.5818,11.8046,11.0786,10.4014,9.77069,9.18398,8.639,8.13351,7.66533,7.23233,6.83247,6.46374,6.12421,5.812,5.5253,5.26236,5.0215,4.80107,4.59952,4.41534,4.24709,4.09338,3.9529,3.82438,3.70662,3.5985,3.49893,3.40689,3.32145,3.2417,3.16682,3.09604,3.02865,2.96401,2.90154,2.8407,2.78105,2.72218,2.66375,2.60549,2.54718,2.48867,2.42987,2.37074,2.31132,2.2517,2.19203,2.13252,2.07346,2.01519,1.95809,1.90264,1.84934,1.7988,1.75165,1.7086,1.67042,1.63793,1.61203,1.59367,1.58387,1.58369,1.59428,1.61684,1.65261,1.70293,1.76918,1.8528,1.95529,2.07823,2.22324,2.392,2.58628,2.80788,3.05868,3.34062,3.65568,4.00593,4.39349,4.82054,5.28932,5.80213,6.36134,6.96939,7.62875,8.34197,9.11167,9.94052,10.8313,11.7867,12.8096,13.903,15.0699
0.96,19.4422,18.206,17.0424,15.9486,14.9216,13.9586,13.0567,12.2132,11.4254,10.6908,10.0067,9.37073,8.78042,8.23342,7.7274,7.26014,6.82945,6.43321,6.06936,5.73591,5.43091,5.15251,4.89887,4.66826,4.45898,4.26941,4.09798,3.94317,3.80356,3.67775,3.56443,3.46234,3.37027,3.28709,3.21173,3.14317,3.08047,3.02272,2.9691,2.91884,2.87124,2.82565,2.78149,2.73823,2.69541,2.65264,2.60957,2.56593,2.52151,2.47615,2.42975,2.3823,2.33381,2.28439,2.23417,2.18339,2.13232,2.08129,2.0307,1.98102,1.93276,1.88651,1.84292,1.80269,1.76659,1.73545,1.71016,1.69167,1.681,1.67922,1.68746,1.70694,1.73889,1.78466,1.84561,1.9232,2.01893,2.13435,2.27112,2.4309,2.61546,2.82661,3.06621,3.33621,3.63861,3.97545,4.34886,4.76103,5.21418,5.71064,6.25276,6.84297,7.48376,8.17767,8.92733,9.73539,10.6046,11.5378,12.5377,13.6074,14.7498
1,17.8452,16.6597,15.546,14.5014,13.5227,12.6072,11.7521,10.9547,10.2122,9.52211,8.88181,8.28883,7.74076,7.23521,6.76989,6.34256,5.95103,5.59319,5.26697,4.97038,4.70149,4.45842,4.23935,4.04254,3.8663,3.709,3.56907,3.44501,3.33537,3.23877,3.15389,3.07947,3.01431,2.95728,2.9073,2.86336,2.8245,2.78983,2.75853,2.72983,2.70301,2.67744,2.65253,2.62775,2.60266,2.57684,2.54996,2.52175,2.49199,2.46052,2.42725,2.39216,2.35527,2.31667,2.27652,2.23504,2.1925,2.14923,2.10565,2.0622,2.01941,1.97787,1.93821,1.90115,1.86746,1.83796,1.81354,1.79516,1.78383,1.78063,1.78669,1.80321,1.83145,1.87273,1.92843,2,2.08894,2.19682,2.32527,2.47598,2.65069,2.85122,3.07945,3.33731,3.62679,3.94996,4.30893,4.70589,5.14308,5.62279,6.14741,6.71935,7.3411,8.01522,8.74431,9.53104,10.3782,11.2884,12.2648,13.31,14.4272
1.04,16.3212,15.1845,14.119,13.1218,12.1898,11.3202,10.5103,9.75729,9.05851,8.41135,7.81326,7.26175,6.75439,6.28883,5.86276,5.47392,5.12015,4.79932,4.50938,4.24832,4.01421,3.80519,3.61943,3.45518,3.31076,3.18453,3.07494,2.98047,2.89968,2.83119,2.77368,2.72589,2.68661,2.65472,2.62914,2.60885,2.59291,2.58041,2.57054,2.56252,2.55565,2.54929,2.54284,2.53578,2.52766,2.51808,2.5067,2.49323,2.47748,2.45928,2.43853,2.41522,2.38937,2.36107,2.33048,2.29781,2.26334,2.22741,2.19041,2.1528,2.11512,2.07794,2.0419,2.00772,1.97616,1.94805,1.92429,1.90582,1.89365,1.88887,1.89261,1.90607,1.93051,1.96724,2.01766,2.0832,2.16537,2.26574,2.38593,2.52764,2.69261,2.88266,3.09967,3.34556,3.62234,3.93205,4.27683,4.65886,5.08037,5.54367,6.05112,6.60516,7.20826,7.86299,8.57195,9.33781,10.1633,11.0512,12.0045,13.0259,14.1185
1.08,15.0088,13.9156,12.8929,11.9377,11.0472,10.2184,9.44861,8.73504,8.07502,7.46596,6.9053,6.39055,5.91929,5.48915,5.09782,4.74307,4.42271,4.13463,3.87676,3.64711,3.44374,3.26478,3.10842,2.9729,2.85654,2.75771,2.67484,2.60642,2.55102,2.50724,2.47378,2.44936,2.43279,2.42294,2.41873,2.41914,2.42323,2.4301,2.43892,2.44892,2.45941,2.46972,2.47929,2.48758,2.49414,2.49857,2.50052,2.49973,2.49598,2.48911,2.47903,2.46571,2.44918,2.42954,2.40694,2.38159,2.35376,2.32381,2.29212,2.25915,2.22544,2.19156,2.15816,2.12594,2.09568,2.0682,2.04439,2.0252,2.01166,2.00483,2.00585,2.01592,2.0363,2.0683,2.11332,2.1728,2.24824,2.3412,2.45332,2.58629,2.74185,2.92182,3.12807,3.36255,3.62724,3.9242,4.25555,4.62348,5.03022,5.47809,5.96944,6.50671,7.09237,7.72899,8.41917,9.16559,9.97097,10.8381,11.7699,12.7692,13.839
1.12,14.0262,12.9678,11.9794,11.0581,10.2007,9.40463,8.66694,7.98492,7.35592,6.77731,6.24655,5.76114,5.31867,4.91677,4.55313,4.22551,3.93172,3.66966,3.43726,3.23252,3.05351,2.89836,2.76524,2.65242,2.5582,2.48096,2.41912,2.37118,2.3357,2.3113,2.29665,2.29049,2.29163,2.29894,2.31132,2.32778,2.34736,2.36916,2.39237,2.4162,2.43996,2.46299,2.48473,2.50463,2.52225,2.53718,2.54908,2.55768,2.56277,2.56419,2.56184,2.5557,2.5458,2.53223,2.51514,2.49475,2.47133,2.44523,2.41684,2.38662,2.35509,2.32285,2.29053,2.25884,2.22855,2.20049,2.17554,2.15467,2.13888,2.12925,2.12692,2.13309,2.149,2.176,2.21545,2.2688,2.33756,2.42329,2.52763,2.65225,2.79892,2.96944,3.1657,3.38961,3.64319,3.92849,4.24762,4.60278,4.99619,5.43018,5.90709,6.42937,6.99949,7.62001,8.29354,9.02275,9.81037,10.6592,11.5721,12.552,13.6018
1.16,13.4583,12.424,11.4593,10.5612,9.72669,8.95301,8.23734,7.57694,6.96915,6.41133,5.90096,5.43554,5.01264,4.6299,4.28501,3.97573,3.69988,3.45535,3.24006,3.05203,2.88932,2.75005,2.63242,2.53467,2.45512,2.39212,2.34413,2.30963,2.28718,2.27539,2.27295,2.27859,2.29113,2.30941,2.33237,2.35899,2.38832,2.41947,2.45161,2.48398,2.51585,2.5466,2.57563,2.60243,2.62653,2.64753,2.6651,2.67896,2.68889,2.69475,2.69643,2.69391,2.68722,2.67645,2.66175,2.64335,2.62151,2.59657,2.56894,2.53907,2.50748,2.47477,2.44157,2.40859,2.37661,2.34644,2.31898,2.29518,2.27606,2.26269,2.25621,2.25781,2.26876,2.29038,2.32404,2.3712,2.43335,2.51207,2.60899,2.72578,2.86421,3.02608,3.21328,3.42773,3.67143,3.94644,4.25488,4.59893,4.98083,5.4029,5.86748,6.37702,6.93399,7.54095,8.20052,8.91535,9.68819,10.5218,11.4191,12.383,13.4164
1.2,13.3489,12.3267,11.3739,10.4873,9.6642,8.90162,8.19681,7.54701,6.94957,6.40187,5.90136,5.44554,5.03201,4.65838,4.32236,4.0217,3.75422,3.51781,3.31039,3.12999,2.97466,2.84252,2.73177,2.64065,2.56748,2.51062,2.46852,2.43966,2.42259,2.41595,2.41841,2.4287,2.44563,2.46806,2.49492,2.5252,2.55794,2.59224,2.62729,2.66232,2.69661,2.72952,2.76047,2.78893,2.81445,2.83662,2.85512,2.86965,2.88001,2.88604,2.88766,2.88482,2.87756,2.86598,2.85022,2.8305,2.8071,2.78036,2.75067,2.71849,2.68436,2.64884,2.61259,2.57632,2.54079,2.50682,2.47532,2.44724,2.42358,2.40542,2.39391,2.39023,2.39565,2.41148,2.43912,2.48,2.53563,2.60758,2.69747,2.807,2.93791,3.09201,3.27119,3.47738,3.71257,3.97882,4.27826,4.61306,4.98546,5.39777,5.85236,6.35164,6.89812,7.49434,8.14291,8.8465,9.60785,10.4298,11.3151,12.2667,13.2877
1.24,13.6958,12.6738,11.721,10.8345,10.0113,9.24854,8.54345,7.89331,7.29542,6.74719,6.24606,5.78955,5.37521,5.0007,4.66371,4.36199,4.09337,3.85572,3.64698,3.46516,3.30833,3.17461,3.06218,2.9693,2.89427,2.83547,2.79134,2.76036,2.74109,2.73215,2.73222,2.74004,2.75441,2.7742,2.79832,2.82578,2.8556,2.88691,2.91887,2.95071,2.98173,3.01129,3.0388,3.06373,3.08563,3.1041,3.1188,3.12945,3.13583,3.1378,3.13527,3.12819,3.11661,3.10061,3.08035,3.05604,3.02797,2.99645,2.96191,2.92479,2.88562,2.84499,2.80353,2.76196,2.72105,2.68161,2.64455,2.61081,2.58142,2.55743,2.54,2.53032,2.52965,2.53931,2.56067,2.5952,2.64439,2.7098,2.79307,2.89589,3.02,3.16723,3.33943,3.53856,3.7666,4.02561,4.31772,4.6451,5.01,5.41472,5.86162,6.35314,6.89177,7.48004,8.12057,8.81604,9.56918,10.3828,11.2597,12.2029,13.2153
1.28,14.4511,13.4187,12.4555,11.5586,10.725,9.95203,9.23675,8.57646,7.96849,7.41022,6.89911,6.43267,6.00847,5.62414,5.27739,4.96596,4.68769,4.44044,4.22216,4.03086,3.86459,3.72149,3.59974,3.49758,3.41334,3.34539,3.29214,3.25211,3.22385,3.20597,3.19715,3.19614,3.20174,3.2128,3.22826,3.2471,3.26836,3.29116,3.31467,3.33812,3.36081,3.38208,3.40135,3.41811,3.43189,3.44229,3.44898,3.45167,3.45015,3.44428,3.43395,3.41913,3.39987,3.37624,3.3484,3.31657,3.28103,3.24211,3.20021,3.15579,3.10937,3.06155,3.01295,2.9643,2.91635,2.86994,2.82596,2.78536,2.74915,2.71842,2.69429,2.67796,2.67069,2.67381,2.6887,2.7168,2.75961,2.81871,2.89572,2.99233,3.11029,3.25141,3.41757,3.61071,3.83281,4.08594,4.37222,4.69383,5.05302,5.45207,5.89337,6.37934,6.91246,7.49529,8.13044,8.82057,9.56843,10.3768,11.2486,12.1866,13.1939
1.32,15.5261,14.4749,13.4931,12.5777,11.7259,10.9348,10.2016,9.52355,8.89797,8.32226,7.79387,7.31032,6.86918,6.46807,6.10471,5.77684,5.48228,5.21892,4.9847,4.77761,4.59573,4.43717,4.30014,4.18287,4.08368,4.00094,3.93308,3.87859,3.83604,3.80404,3.78127,3.76647,3.75844,3.75605,3.75822,3.76393,3.77224,3.78225,3.79313,3.80412,3.81451,3.82365,3.83096,3.83592,3.83807,3.83701,3.8324,3.82396,3.81147,3.7948,3.77383,3.74855,3.71898,3.68522,3.64741,3.60578,3.5606,3.51221,3.461,3.40744,3.35205,3.29542,3.23818,3.18105,3.1248,3.07025,3.01829,2.96987,2.92602,2.88781,2.85636,2.83289,2.81864,2.81495,2.82319,2.8448,2.8813,2.93424,3.00527,3.09605,3.20836,3.344,3.50484,3.69282,3.90994,4.15825,4.43987,4.75699,5.11185,5.50675,5.94405,6.42619,6.95566,7.53499,8.16681,8.85378,9.59865,10.4042,11.2733,12.2088,13.2138
1.36,16.8003,15.7252,14.7197,13.781,12.906,12.092,11.336,10.6355,9.98769,9.38998,8.83983,8.33475,7.87231,7.45014,7.06595,6.71749,6.40257,6.11909,5.86497,5.63823,5.43693,5.2592,5.10321,4.96723,4.84955,4.74857,4.66269,4.59043,4.53034,4.48103,4.44119,4.40955,4.38491,4.36615,4.35218,4.34199,4.33464,4.32921,4.3249,4.32093,4.31659,4.31124,4.30429,4.29523,4.28359,4.26897,4.25104,4.22951,4.20418,4.17489,4.14154,4.10411,4.06263,4.01719,3.96794,3.9151,3.85894,3.79981,3.7381,3.67427,3.60884,3.54241,3.47561,3.40914,3.34379,3.28037,3.21979,3.16298,3.11097,3.06483,3.02569,2.99476,2.9733,2.96262,2.9641,2.9792,3.00941,3.05631,3.12152,3.20673,3.31369,3.44422,3.60019,3.78353,3.99624,4.24037,4.51806,4.83148,5.18287,5.57454,6.00884,6.48822,7.01515,7.59219,8.22195,8.9071,9.65037,10.4546,11.3225,12.2572,13.2615
1.4,18.1335,17.0331,16.0027,15.0392,14.1397,13.3014,12.5215,11.7972,11.1259,10.5049,9.93176,9.40394,8.91901,8.47461,8.06844,7.69825,7.36187,7.05716,6.78208,6.53463,6.31287,6.11493,5.93899,5.78331,5.64619,5.52601,5.4212,5.33025,5.25173,5.18424,5.12647,5.07716,5.0351,4.99917,4.96829,4.94145,4.91768,4.89611,4.8759,4.85628,4.83654,4.81606,4.79422,4.77053,4.74451,4.71576,4.68396,4.64881,4.61011,4.56771,4.5215,4.47147,4.41763,4.36009,4.299,4.23456,4.16707,4.09685,4.0243,3.94989,3.87414,3.79763,3.72101,3.64498,3.57032,3.49784,3.42845,3.36309,3.30278,3.24859,3.20166,3.16319,3.13444,3.11672,3.11143,3.12,3.14394,3.18482,3.24426,3.32396,3.42566,3.55118,3.70239,3.88123,4.08969,4.32984,4.60379,4.91372,5.26187,5.65056,6.08214,6.55904,7.08376,7.65883,8.28687,8.97056,9.71263,10.5159,11.3831,12.3174,13.3215
1.44,19.3804,18.2572,17.2042,16.2183,15.2966,14.4364,13.6348,12.889,12.1964,11.5544,10.9604,10.412,9.90667,9.4421,9.01598,8.62606,8.27017,7.94617,7.65202,7.38572,7.14533,6.92898,6.73486,6.56121,6.40634,6.26863,6.14651,6.03848,5.94309,5.85896,5.78476,5.71924,5.66121,5.60951,5.56309,5.52092,5.48205,5.44559,5.41072,5.37666,5.3427,5.30821,5.2726,5.23534,5.19598,5.15412,5.10941,5.06158,5.01043,4.95578,4.89756,4.83572,4.77031,4.70141,4.62918,4.55383,4.47564,4.39494,4.31214,4.22769,4.14213,4.05603,3.97003,3.88485,3.80125,3.72006,3.64217,3.56854,3.50017,3.43815,3.38361,3.33775,3.30183,3.27716,3.26514,3.2672,3.28485,3.31966,3.37325,3.44732,3.54361,3.66395,3.81019,3.98428,4.18822,4.42406,4.69392,4.99998,5.34449,5.72975,6.15813,6.63205,7.154,7.72652,8.35224,9.03383,9.77401,10.5756,11.4414,12.3744,13.3776
1.48,20.405,19.265,18.1953,17.193,16.255,15.3786,14.5608,13.7992,13.0908,12.4331,11.8237,11.2599,10.7393,10.2597,9.81859,9.41386,9.04329,8.70477,8.39623,8.11567,7.86117,7.63084,7.42288,7.23553,7.06711,6.91598,6.78058,6.65941,6.55101,6.45402,6.3671,6.28899,6.21851,6.15451,6.09591,6.04171,5.99096,5.94275,5.89626,5.85073,5.80544,5.75975,5.71308,5.66491,5.61477,5.56226,5.50706,5.44887,5.38749,5.32276,5.25459,5.18296,5.10788,5.02945,4.94783,4.86323,4.77593,4.68626,4.59462,4.50149,4.40737,4.31285,4.21857,4.12525,4.03366,3.94461,3.859,3.77779,3.70198,3.63266,3.57095,3.51806,3.47525,3.44384,3.42521,3.4208,3.43212,3.46074,3.50828,3.57643,3.66695,3.78165,3.9224,4.09113,4.28985,4.52061,4.78553,5.08679,5.42664,5.80738,6.23137,6.70104,7.21888,7.78744,8.40933,9.08723,9.82386,10.622,11.4846,12.4144,13.4146
1.52,21.0943,19.9467,18.8693,17.8593,16.9136,16.0296,15.2042,14.4349,13.719,13.0538,12.4367,11.8654,11.3373,10.8502,10.4016,9.98946,9.61145,9.26549,8.94954,8.6616,8.39972,8.16204,7.94673,7.75207,7.57634,7.41792,7.27526,7.14683,7.0312,6.92699,6.83287,6.74759,6.66994,6.59879,6.53307,6.47176,6.41391,6.35862,6.30508,6.2525,6.20019,6.1475,6.09384,6.0387,5.9816,5.92216,5.86004,5.79495,5.72669,5.6551,5.58008,5.50161,5.41972,5.3345,5.2461,5.15474,5.06069,4.9643,4.86596,4.76613,4.66534,4.56417,4.46326,4.36332,4.26512,4.16948,4.07731,3.98955,3.90721,3.83137,3.76317,3.7038,3.65453,3.61668,3.59162,3.5808,3.58573,3.60797,3.64916,3.71097,3.79517,3.90356,4.03803,4.20049,4.39296,4.61748,4.87619,5.17125,5.50492,5.8795,6.29734,6.76089,7.27262,7.83509,8.4509,9.12274,9.85333,10.6455,11.502,12.4259,13.4201
1.56,21.3704,20.2262,19.1521,18.1452,17.2026,16.3214,15.4988,14.7321,14.0187,13.3558,12.741,12.1718,11.6457,11.1603,10.7135,10.3029,9.92629,9.58164,9.26686,8.97995,8.71898,8.48207,8.26741,8.07326,7.89791,7.73974,7.59719,7.46875,7.35298,7.24849,7.15396,7.06814,6.98982,6.91787,6.85121,6.78883,6.72978,6.67316,6.61815,6.56398,6.50995,6.4554,6.39975,6.34248,6.28314,6.22132,6.15668,6.08894,6.0179,5.94339,5.86534,5.78369,5.6985,5.60984,5.51787,5.42281,5.32493,5.22457,5.12214,5.01808,4.91293,4.80726,4.70173,4.59704,4.49395,4.3933,4.29598,4.20293,4.11518,4.0338,3.95993,3.89475,3.83954,3.79561,3.76435,3.7472,3.74566,3.76131,3.79576,3.85072,3.92793,4.02919,4.1564,4.31148,4.49643,4.7133,4.96422,5.25137,5.577,5.94339,6.35293,6.80803,7.31119,7.86496,8.47194,9.13481,9.8563,10.6392,11.4864,12.4008,13.3853
1.6,21.1977,20.069,19.01,18.018,17.09,16.2231,15.4145,14.6616,13.9615,13.3118,12.7098,12.1531,11.6392,11.1658,10.7306,10.3314,9.96584,9.63196,9.32766,9.05094,8.79985,8.57254,8.36719,8.18204,8.01541,7.86567,7.73124,7.61064,7.50241,7.40516,7.31759,7.23842,7.16647,7.1006,7.03972,6.98283,6.92897,6.87725,6.82685,6.77699,6.72698,6.67615,6.62394,6.56981,6.51331,6.45404,6.39166,6.32589,6.25652,6.18339,6.10642,6.02556,5.94086,5.85241,5.76035,5.66491,5.56635,5.46502,5.36132,5.25571,5.14871,5.0409,4.93293,4.82551,4.7194,4.61543,4.51449,4.41754,4.32559,4.23972,4.16106,4.0908,4.03022,3.98063,3.9434,3.92,3.91192,3.92072,3.94804,3.99557,4.06506,4.15831,4.27721,4.42369,4.59974,4.80743,5.04887,5.32624,5.6418,5.99783,6.39671,6.84086,7.33278,7.87501,8.47016,9.12091,9.82998,10.6002,11.4344,12.3355,13.3064
1.64,20.587,19.4854,18.4533,17.4877,16.5855,15.744,14.9604,14.232,13.556,12.9299,12.3511,11.8171,11.3255,10.874,10.4601,10.0818,9.73674,9.42288,9.13814,8.88053,8.6481,8.439,8.2514,8.08356,7.93378,7.80044,7.68197,7.57687,7.48368,7.40104,7.32761,7.26214,7.20343,7.15034,7.1018,7.0568,7.01437,6.97364,6.93377,6.894,6.85361,6.81196,6.76848,6.72262,6.67395,6.62205,6.56659,6.50729,6.44393,6.37637,6.30451,6.22832,6.14783,6.06314,5.97439,5.8818,5.78565,5.68628,5.58408,5.47952,5.37311,5.26545,5.15718,5.049,4.94168,4.83605,4.733,4.63349,4.53853,4.44919,4.36661,4.29199,4.22659,4.17172,4.12878,4.0992,4.08449,4.08622,4.10601,4.14556,4.20661,4.29098,4.40055,4.53724,4.70305,4.90005,5.13035,5.39613,5.69964,6.04318,6.42911,6.85987,7.33793,7.86586,8.44626,9.0818,9.77522,10.5293,11.3469,12.231,13.1845
1.68,19.594,18.53,17.5348,16.6055,15.7391,14.9328,14.1838,13.4894,12.8468,12.2535,11.7069,11.2046,10.744,10.3229,9.93897,9.5899,9.27354,8.98777,8.73054,8.49985,8.29376,8.11039,7.94795,7.80466,7.67886,7.5689,7.47322,7.39031,7.31874,7.25711,7.20412,7.15849,7.11903,7.08461,7.05414,7.02662,7.00109,6.97667,6.95251,6.92786,6.90201,6.87431,6.84417,6.81109,6.77459,6.73427,6.68981,6.64092,6.58738,6.52905,6.46582,6.39768,6.32465,6.24682,6.16435,6.07746,5.98641,5.89154,5.79326,5.69203,5.58837,5.48286,5.37615,5.26894,5.162,5.05616,4.95232,4.85142,4.75448,4.66258,4.57684,4.49847,4.42873,4.36894,4.32048,4.2848,4.2634,4.25784,4.26976,4.30084,4.35284,4.42757,4.5269,4.65277,4.80717,4.99216,5.20987,5.46247,5.75221,6.08139,6.45237,6.86758,7.32952,7.84073,8.40381,9.02146,9.69639,10.4314,11.2294,12.0932,13.0258
1.72,18.3141,17.2954,16.3448,15.4594,14.6363,13.8725,13.1653,12.512,11.9099,11.3563,10.8488,10.3848,9.96196,9.57784,9.23015,8.91667,8.6352,8.38364,8.15991,7.96203,7.78806,7.63612,7.5044,7.39115,7.29469,7.21338,7.14565,7.09001,7.045,7.00925,6.98143,6.96028,6.94461,6.93329,6.92522,6.91941,6.91489,6.91079,6.90626,6.90054,6.89292,6.88276,6.86948,6.85255,6.83151,6.80597,6.77558,6.74006,6.69921,6.65287,6.60094,6.54341,6.48028,6.41167,6.33772,6.25865,6.17474,6.08631,5.99378,5.8976,5.79829,5.69644,5.5927,5.48777,5.38241,5.27746,5.17381,5.07241,4.97428,4.88048,4.79217,4.71052,4.63681,4.57236,4.51854,4.4768,4.44865,4.43565,4.43944,4.46169,4.50417,4.56868,4.6571,4.77136,4.91346,5.08546,5.28948,5.5277,5.80236,6.11577,6.47029,6.86835,7.31243,7.80509,8.34894,8.94665,9.60096,10.3146,11.0906,11.9317,12.8409
1.76,16.8723,15.9034,15.0018,14.1646,13.389,12.672,12.0108,11.4027,10.8451,10.3353,9.87072,9.44896,9.06756,8.72415,8.41643,8.14215,7.89914,7.68527,7.49849,7.3368,7.19827,7.08101,6.98323,6.90316,6.83911,6.78947,6.75266,6.72718,6.71158,6.70448,6.70456,6.71056,6.72129,6.7356,6.75242,6.77073,6.7896,6.80811,6.82545,6.84085,6.85359,6.86304,6.86861,6.86978,6.86609,6.85714,6.84258,6.82215,6.79563,6.76287,6.72377,6.6783,6.62649,6.56844,6.5043,6.43428,6.35867,6.27779,6.19205,6.10191,6.00788,5.91057,5.8106,5.70869,5.6056,5.50217,5.39928,5.29789,5.19901,5.10372,5.01314,4.92849,4.85102,4.78205,4.72296,4.6752,4.64027,4.61974,4.61524,4.62846,4.66114,4.71511,4.79223,4.89444,5.02373,5.18217,5.37188,5.59503,5.85386,6.1507,6.48788,6.86786,7.2931,7.76617,8.28967,8.86628,9.49873,10.1898,10.9424,11.7594,12.6438
1.8,15.4108,14.4923,13.6405,12.8522,12.1247,11.4551,10.8406,10.2784,9.76585,9.30038,8.87942,8.50048,8.16114,7.85902,7.59183,7.35733,7.15332,6.9777,6.8284,6.70342,6.60084,6.51878,6.45542,6.40901,6.37787,6.36037,6.35493,6.36006,6.37431,6.39629,6.4247,6.45826,6.49578,6.53612,6.57821,6.62103,6.66364,6.70514,6.74469,6.78154,6.81498,6.84436,6.86909,6.88866,6.90261,6.91053,6.91209,6.90701,6.89508,6.87613,6.85009,6.81692,6.77665,6.72937,6.67523,6.61446,6.54732,6.47416,6.39538,6.31143,6.22283,6.13018,6.03412,5.93535,5.83463,5.73281,5.63078,5.52947,5.42991,5.33318,5.2404,5.15279,5.07158,4.99812,4.93378,4.88,4.83829,4.81022,4.79741,4.80155,4.8244,4.86777,4.93353,5.02362,5.14002,5.28481,5.46011,5.66808,5.91098,6.19111,6.51083,6.87258,7.27883,7.73215,8.23513,8.79046,9.40086,10.0691,10.7982,11.5908,12.4501
1.84,14.0744,13.2032,12.398,11.6556,10.9733,10.3481,9.77723,9.25801,8.78774,8.36382,7.98368,7.64484,7.34487,7.08142,6.85216,6.65487,6.48736,6.34751,6.23327,6.14262,6.07365,6.02448,5.99329,5.97833,5.97792,5.99042,6.01427,6.04796,6.09005,6.13916,6.19397,6.25321,6.31569,6.38027,6.44588,6.5115,6.57618,6.63903,6.69922,6.75599,6.80862,6.85647,6.89895,6.93555,6.96581,6.98932,7.00574,7.01481,7.0163,7.01006,6.996,6.97409,6.94436,6.9069,6.86187,6.80947,6.75,6.68377,6.6112,6.53275,6.44893,6.36033,6.2676,6.17144,6.07262,5.97197,5.87038,5.7688,5.66825,5.5698,5.47459,5.38382,5.29874,5.22068,5.15102,5.0912,5.04273,5.00718,4.98616,4.98139,4.99459,5.02759,5.08227,5.16055,5.26443,5.39597,5.55729,5.75058,5.97806,6.24206,6.54493,6.8891,7.27706,7.71136,8.1946,8.72947,9.3187,9.96508,10.6715,11.4408,12.276
1.88,12.9959,12.1654,11.4001,10.6971,10.0535,9.46647,8.93312,8.45076,8.01672,7.62839,7.28321,6.97871,6.71244,6.48206,6.28524,6.11976,5.98342,5.87411,5.78978,5.72842,5.68809,5.66694,5.66313,5.67493,5.70064,5.73863,5.78734,5.84526,5.91095,5.98302,6.06016,6.14111,6.22466,6.30968,6.39509,6.47989,6.56312,6.64388,6.72136,6.79477,6.86342,6.92665,6.9839,7.03462,7.07837,7.11474,7.14339,7.16406,7.17652,7.18061,7.17626,7.16342,7.14213,7.11248,7.07462,7.02877,6.97521,6.91427,6.84635,6.77191,6.69148,6.60564,6.51504,6.42037,6.32241,6.22199,6.12,6.01739,5.91518,5.81444,5.7163,5.62197,5.5327,5.44982,5.3747,5.3088,5.25361,5.21071,5.18172,5.16833,5.1723,5.19543,5.2396,5.30674,5.39885,5.51799,5.66628,5.84591,6.0591,6.30817,6.59548,6.92347,7.29461,7.71145,8.17662,8.69277,9.26265,9.88905,10.5748,11.3229,12.1363
1.92,12.2825,11.4831,10.7485,10.0756,9.46167,8.90373,8.39901,7.94477,7.53835,7.17713,6.85857,6.58017,6.3395,6.13422,5.962,5.8206,5.70785,5.62163,5.55987,5.52058,5.50183,5.50174,5.5185,5.55036,5.59562,5.65266,5.71992,5.79588,5.87911,5.96822,6.06189,6.15886,6.25793,6.35797,6.4579,6.55671,6.65344,6.74721,6.83718,6.92259,7.00273,7.07696,7.14468,7.20539,7.25861,7.30395,7.34107,7.3697,7.38962,7.40067,7.40277,7.39587,7.38003,7.35532,7.32189,7.27998,7.22984,7.17182,7.10633,7.03381,6.95479,6.86985,6.77965,6.68488,6.58632,6.48479,6.38119,6.27647,6.17163,6.06776,5.966,5.86753,5.77363,5.68561,5.60485,5.5328,5.47096,5.4209,5.38425,5.3627,5.358,5.37196,5.40645,5.46341,5.54484,5.65279,5.78939,5.95682,6.15731,6.39318,6.66679,6.98056,7.33698,7.73861,8.18805,8.68798,9.24113,9.85029,10.5183,11.2482,12.0428
1.96,12.005,11.2253,10.5101,9.85636,9.26111,8.72153,8.23482,7.79825,7.40914,7.06488,6.76292,6.50078,6.27602,6.08629,5.92927,5.80273,5.70448,5.6324,5.58444,5.5586,5.55295,5.5656,5.59475,5.63865,5.6956,5.76398,5.84223,5.92883,6.02234,6.12138,6.22463,6.33084,6.43879,6.54736,6.65547,6.7621,6.86631,6.9672,7.06394,7.15577,7.24198,7.32193,7.39502,7.46074,7.51863,7.56828,7.60937,7.6416,7.66478,7.67874,7.6834,7.67871,7.66472,7.64151,7.60924,7.56813,7.51844,7.46052,7.39477,7.32164,7.24167,7.15543,7.06357,6.96679,6.86587,6.76163,6.65497,6.54683,6.43823,6.33024,6.22401,6.12072,6.02165,5.92811,5.84147,5.7632,5.69479,5.6378,5.59387,5.56469,5.55201,5.55763,5.58344,5.63137,5.70341,5.80163,5.92814,6.08513,6.27483,6.49956,6.76167,7.0636,7.40782,7.7969,8.23345,8.72013,9.25967,9.85489,10.5086,11.2238,12.0034
2,12.1905,11.4186,10.7109,10.0644,9.47624,8.94357,8.46359,8.03356,7.6508,7.3127,7.01671,6.76035,6.54119,6.35686,6.20506,6.08354,5.99013,5.9227,5.87921,5.85764,5.85606,5.87261,5.90547,5.95288,6.01316,6.08468,6.16587,6.25524,6.35132,6.45275,6.55819,6.6664,6.77617,6.88636,6.99591,7.1038,7.20906,7.31083,7.40826,7.50058,7.58709,7.66715,7.74017,7.80563,7.86307,7.91209,7.95234,7.98356,8.00553,8.0181,8.02117,8.01471,7.99876,7.9734,7.93879,7.89515,7.84275,7.78192,7.71307,7.63667,7.55322,7.46332,7.36761,7.26679,7.16164,7.05299,6.94172,6.82878,6.7152,6.60204,6.49045,6.38161,6.2768,6.17733,6.08458,6,5.92509,5.86142,5.81062,5.77438,5.75445,5.75263,5.77081,5.81093,5.87496,5.96499,6.08312,6.23153,6.41247,6.62825,6.88122,7.17382,7.50853,7.88791,8.31455,8.79115,9.32043,9.90518,10.5483,11.2526,12.0212
